client_id,anciennete_mois,age,region,type_offre,moyen_paiement,conso_data_go,conso_voix_min,conso_sms,nb_contacts_support,nb_incidents_reseau,churn
64,60,42.0,Île-De-France,Multi-Play,Carte Bancaire,20.449999999999996,0.0,19.0,0,0,0
678,43,60.0,Bretagne,Internet Seul,Prélèvement,6.2,189.0,13.0,1,0,0
141,33,68.0,Nouvelle-Aquitaine,Multi-Play,Carte Bancaire,6.1,158.0,6.0,0,0,0
54,3,50.0,Auvergne-Rhône-Alpes,Multi-Play,Prélèvement,13.7,191.0,9.0,0,0,0
826,4,51.0,Grand Est,Mobile Seul,Prélèvement,14.9,215.0,28.0,1,0,1
871,47,48.0,Bretagne,Mobile Seul,Prélèvement,13.2,208.0,15.0,0,1,0
694,26,78.0,Paca,Mobile Seul,Carte Bancaire,12.5,137.0,22.0,2,0,0
830,19,69.0,Bretagne,Multi-Play,Prélèvement,4.6,165.0,18.0,2,0,1
99,62,18.0,Nouvelle-Aquitaine,Multi-Play,Carte Bancaire,1.5,233.0,41.0,2,1,0
400,8,29.0,Auvergne-Rhône-Alpes,Internet Seul,Prélèvement,15.7,173.0,22.0,0,0,0
622,116,18.0,Grand Est,Multi-Play,Prélèvement,4.8,166.0,40.0,4,2,0
667,33,71.0,Île-De-France,Multi-Play,Prélèvement,11.4,322.0,0.0,2,0,0
500,24,19.0,Paca,Multi-Play,Carte Bancaire,0.3,232.0,52.0,0,0,0
169,78,21.0,Bretagne,Mobile Seul,Prélèvement,12.7,103.0,49.0,0,1,0
265,113,40.0,Paca,Mobile Seul,Prélèvement,5.0,162.0,42.0,1,0,0
545,60,30.0,Occitanie,Mobile Seul,Prélèvement,6.85,131.0,7.0,0,0,0
243,97,64.0,Bretagne,Multi-Play,Carte Bancaire,11.2,311.0,15.0,1,0,0
61,18,48.0,Grand Est,Mobile Seul,Prélèvement,2.3,291.0,16.0,0,1,0
708,120,49.0,Paca,Internet Seul,Prélèvement,1.8,257.0,30.0,2,0,0
485,17,57.0,Paca,Multi-Play,Carte Bancaire,3.8,154.0,32.0,1,1,0
210,45,49.0,Hauts-De-France,Mobile Seul,Prélèvement,5.7,129.0,30.0,2,1,1
621,62,40.0,Île-De-France,Multi-Play,Prélèvement,9.0,140.0,12.0,4,0,0
327,82,54.0,Nouvelle-Aquitaine,Mobile Seul,Virement,7.7,278.0,3.0,1,0,0
205,115,48.0,Hauts-De-France,Mobile Seul,Carte Bancaire,11.1,234.0,11.0,0,3,1
643,10,27.0,Nouvelle-Aquitaine,Internet Seul,Carte Bancaire,5.6,72.0,44.0,0,1,0
588,96,30.0,Hauts-De-France,Mobile Seul,Carte Bancaire,6.85,229.0,22.0,1,1,0
652,16,43.0,Grand Est,Mobile Seul,Prélèvement,13.9,36.0,12.0,1,1,0
331,92,51.0,Nouvelle-Aquitaine,Multi-Play,Prélèvement,4.1,232.0,38.0,1,2,0
601,69,65.0,Paca,Multi-Play,Prélèvement,15.1,280.0,25.0,0,0,0
25,30,34.0,Occitanie,Mobile Seul,Carte Bancaire,6.5,178.0,62.0,0,0,1
328,104,23.0,Île-De-France,Mobile Seul,Carte Bancaire,2.6,117.0,29.0,2,1,0
373,38,23.0,Nouvelle-Aquitaine,Multi-Play,Prélèvement,1.2,103.0,30.0,0,1,0
715,73,33.0,Nouvelle-Aquitaine,Multi-Play,Carte Bancaire,11.7,186.0,13.0,0,0,0
686,115,34.0,Bretagne,Mobile Seul,Prélèvement,12.1,202.0,6.0,0,0,0
832,108,39.0,Occitanie,Mobile Seul,Prélèvement,8.8,90.0,35.0,0,0,0
776,23,49.0,Occitanie,Multi-Play,Carte Bancaire,18.1,172.0,6.0,1,1,0
481,27,35.0,Grand Est,Mobile Seul,Prélèvement,12.7,345.0,28.0,1,0,0
658,92,44.0,Auvergne-Rhône-Alpes,Multi-Play,Prélèvement,7.8,267.0,0.0,1,1,0
126,89,22.0,Bretagne,Internet Seul,Prélèvement,7.6,263.0,25.0,1,0,0
669,51,42.0,Paca,Mobile Seul,Prélèvement,6.85,170.0,10.0,1,0,0
229,1,48.0,Hauts-De-France,Mobile Seul,Prélèvement,0.7,249.0,18.0,1,0,0
206,86,49.0,Paca,Internet Seul,Prélèvement,4.6,153.0,4.0,3,0,0
543,8,71.0,Hauts-De-France,Internet Seul,Carte Bancaire,12.8,405.75,21.0,3,0,0
779,39,49.0,Hauts-De-France,Mobile Seul,Prélèvement,6.2,195.0,28.0,2,0,0
471,67,36.0,Grand Est,Mobile Seul,Prélèvement,4.4,123.0,39.0,4,1,0
735,13,46.0,Occitanie,Multi-Play,Prélèvement,0.4,194.0,14.0,1,0,0
506,45,56.0,Auvergne-Rhône-Alpes,Multi-Play,Carte Bancaire,3.7,170.0,2.0,1,2,0
603,93,22.0,Occitanie,Mobile Seul,Carte Bancaire,12.2,138.0,1.0,1,1,0
743,62,63.0,Paca,Multi-Play,Prélèvement,14.0,136.0,14.0,0,0,0
539,107,22.0,Hauts-De-France,Multi-Play,Prélèvement,6.3,186.0,48.0,0,2,0
827,36,70.0,Occitanie,Multi-Play,Carte Bancaire,5.9,49.0,69.0,0,0,0
111,80,48.0,Auvergne-Rhône-Alpes,Multi-Play,Virement,4.3,152.0,23.0,1,0,0
599,64,61.0,Bretagne,Mobile Seul,Prélèvement,6.7,155.0,4.0,0,0,0
741,17,27.0,Nouvelle-Aquitaine,Multi-Play,Prélèvement,7.9,294.0,34.0,2,1,0
532,86,72.0,Nouvelle-Aquitaine,Internet Seul,Virement,6.5,175.0,7.0,2,0,0
14,88,25.0,Nouvelle-Aquitaine,Internet Seul,Prélèvement,20.449999999999996,264.0,10.0,2,1,0
474,24,43.0,Paca,Multi-Play,Prélèvement,3.4,234.0,2.0,1,0,0
840,67,63.0,Hauts-De-France,Mobile Seul,Carte Bancaire,6.85,222.0,53.0,2,1,0
95,90,38.0,Occitanie,Internet Seul,Prélèvement,14.1,310.0,7.0,2,0,0
893,118,51.0,Île-De-France,Mobile Seul,Prélèvement,14.2,141.0,6.0,2,0,0
866,44,54.0,Grand Est,Multi-Play,Carte Bancaire,4.9,360.0,98.0,0,0,0
27,2,48.0,Nouvelle-Aquitaine,Internet Seul,Carte Bancaire,6.7,145.0,25.0,2,0,0
526,58,55.0,Auvergne-Rhône-Alpes,Multi-Play,Prélèvement,3.6,238.0,28.0,3,0,1
47,47,47.0,Occitanie,Mobile Seul,Prélèvement,3.5,305.0,80.0,1,0,0
129,88,76.0,Paca,Multi-Play,Prélèvement,2.7,153.0,16.0,6,2,0
851,39,62.0,Occitanie,Mobile Seul,Prélèvement,7.9,223.0,8.0,1,1,0
661,84,34.0,Auvergne-Rhône-Alpes,Multi-Play,Prélèvement,10.8,405.75,5.0,0,1,1
717,64,36.0,Grand Est,Mobile Seul,Prélèvement,15.8,90.0,28.0,1,1,0
409,86,53.0,Hauts-De-France,Mobile Seul,Prélèvement,5.6,145.0,54.0,0,0,0
732,12,21.0,Paca,Multi-Play,Prélèvement,6.8,210.0,20.0,3,2,0
147,7,67.0,Occitanie,Mobile Seul,Carte Bancaire,7.7,266.0,43.0,4,0,0
58,21,49.0,Hauts-De-France,Multi-Play,Carte Bancaire,2.4,169.0,5.0,1,1,1
467,106,52.0,Occitanie,Mobile Seul,Virement,2.2,272.0,1.0,1,1,0
598,103,29.0,Paca,Mobile Seul,Prélèvement,1.8,233.0,0.0,0,0,0
581,12,40.0,Auvergne-Rhône-Alpes,Multi-Play,Prélèvement,20.449999999999996,235.0,3.0,0,0,1
845,58,68.0,Hauts-De-France,Mobile Seul,Prélèvement,3.3,154.0,82.0,2,0,0
499,25,72.0,Île-De-France,Multi-Play,Prélèvement,6.7,196.0,1.0,2,0,0
62,4,48.0,Île-De-France,Internet Seul,Prélèvement,1.3,210.0,21.0,2,2,0
548,5,53.0,Île-De-France,Mobile Seul,Carte Bancaire,7.2,184.0,8.0,0,0,0
836,74,27.0,Bretagne,Internet Seul,Prélèvement,15.8,207.0,4.0,3,0,0
734,55,25.0,Bretagne,Mobile Seul,Virement,8.5,252.0,44.0,3,0,0
670,43,24.0,Île-De-France,Mobile Seul,Prélèvement,5.6,176.0,12.0,0,2,0
570,19,60.0,Grand Est,Multi-Play,Prélèvement,2.6,84.0,9.0,1,1,0
876,75,34.0,Nouvelle-Aquitaine,Mobile Seul,Carte Bancaire,3.0,133.0,16.0,2,1,1
897,57,70.0,Occitanie,Internet Seul,Prélèvement,6.9,109.0,3.0,2,1,0
847,92,31.0,Paca,Multi-Play,Prélèvement,6.8,233.0,31.0,2,1,0
460,85,25.0,Paca,Mobile Seul,Prélèvement,2.8,79.0,8.0,2,0,0
813,37,28.0,Auvergne-Rhône-Alpes,Internet Seul,Prélèvement,6.2,205.0,39.0,1,0,0
751,49,67.0,Grand Est,Mobile Seul,Prélèvement,5.8,405.75,12.0,0,0,0
456,60,57.0,Bretagne,Multi-Play,Carte Bancaire,17.2,258.0,3.0,3,0,0
873,80,58.0,Bretagne,Internet Seul,Virement,5.5,203.0,39.0,0,0,0
110,85,45.0,Île-De-France,Internet Seul,Prélèvement,5.0,212.0,64.0,2,0,0
35,108,63.0,Grand Est,Multi-Play,Prélèvement,12.6,190.0,11.0,0,0,0
415,102,67.0,Auvergne-Rhône-Alpes,Mobile Seul,Carte Bancaire,12.7,166.0,3.0,1,0,0
337,94,54.0,Auvergne-Rhône-Alpes,Internet Seul,Virement,2.4,239.0,26.0,2,0,0
443,46,77.0,Grand Est,Multi-Play,Prélèvement,11.4,180.0,14.0,1,2,0
838,19,73.0,Hauts-De-France,Mobile Seul,Prélèvement,5.3,309.0,12.0,1,0,0
587,34,48.0,Occitanie,Mobile Seul,Prélèvement,1.4,272.0,5.0,2,0,1
664,50,61.0,Auvergne-Rhône-Alpes,Mobile Seul,Carte Bancaire,10.9,97.0,51.0,2,1,1
100,100,68.0,Grand Est,Multi-Play,Prélèvement,16.3,114.0,1.0,1,0,0
815,83,19.0,Nouvelle-Aquitaine,Internet Seul,Prélèvement,5.0,130.0,17.0,0,0,0
509,8,23.0,Auvergne-Rhône-Alpes,Internet Seul,Prélèvement,1.6,153.0,4.0,0,0,1
109,40,51.0,Grand Est,Multi-Play,Virement,12.8,257.0,13.0,2,1,0
455,99,18.0,Auvergne-Rhône-Alpes,Multi-Play,Prélèvement,9.6,60.0,7.0,2,1,0
149,72,35.0,Nouvelle-Aquitaine,Internet Seul,Carte Bancaire,4.4,25.0,19.0,1,1,0
493,93,32.0,Occitanie,Multi-Play,Prélèvement,6.8,251.0,9.0,0,0,0
596,16,77.0,Île-De-France,Mobile Seul,Virement,5.9,190.0,23.0,0,0,0
685,2,24.0,Auvergne-Rhône-Alpes,Internet Seul,Prélèvement,4.7,162.0,21.0,0,0,0
674,65,41.0,Paca,Multi-Play,Prélèvement,12.7,192.0,15.0,2,0,0
427,111,18.0,Hauts-De-France,Internet Seul,Prélèvement,0.7,121.0,18.0,4,0,1
529,22,78.0,Occitanie,Multi-Play,Prélèvement,6.8,85.0,15.0,1,1,0
874,118,55.0,Nouvelle-Aquitaine,Multi-Play,Carte Bancaire,1.9,180.0,53.0,4,1,0
453,53,52.0,Île-De-France,Internet Seul,Carte Bancaire,12.3,153.0,25.0,0,0,0
260,52,73.0,Grand Est,Multi-Play,Prélèvement,3.6,211.0,1.0,1,0,0
324,33,36.0,Paca,Internet Seul,Prélèvement,6.2,196.0,4.0,0,0,0
858,113,63.0,Île-De-France,Mobile Seul,Prélèvement,2.8,287.0,3.0,0,0,0
515,87,69.0,Nouvelle-Aquitaine,Mobile Seul,Carte Bancaire,4.3,222.0,7.0,1,0,0
419,8,40.0,Hauts-De-France,Mobile Seul,Carte Bancaire,12.7,189.0,10.0,0,0,0
135,11,32.0,Nouvelle-Aquitaine,Multi-Play,Carte Bancaire,6.8,191.0,6.0,1,0,1
542,97,50.0,Grand Est,Multi-Play,Prélèvement,6.9,279.0,44.0,2,0,0
233,77,31.0,Auvergne-Rhône-Alpes,Mobile Seul,Carte Bancaire,8.5,154.0,6.0,2,0,0
297,69,34.0,Bretagne,Multi-Play,Carte Bancaire,7.8,280.0,8.0,1,1,0
592,104,42.0,Nouvelle-Aquitaine,Multi-Play,Prélèvement,15.5,196.0,10.0,1,1,0
781,53,48.0,Auvergne-Rhône-Alpes,Mobile Seul,Carte Bancaire,1.4,129.0,33.0,0,0,0
890,1,23.0,Nouvelle-Aquitaine,Internet Seul,Carte Bancaire,2.8,301.0,9.0,0,0,0
154,119,51.0,Île-De-France,Mobile Seul,Prélèvement,2.4,172.0,2.0,1,0,0
172,5,34.0,Bretagne,Internet Seul,Prélèvement,7.1,225.0,12.0,1,0,1
221,62,78.0,Bretagne,Multi-Play,Carte Bancaire,2.1,148.0,59.0,1,1,0
160,44,32.0,Occitanie,Mobile Seul,Prélèvement,0.7,108.0,4.0,1,0,1
709,36,47.0,Occitanie,Mobile Seul,Prélèvement,20.4,146.0,14.0,0,1,0
49,51,76.0,Île-De-France,Multi-Play,Prélèvement,3.1,261.0,43.0,0,0,0
75,71,38.0,Occitanie,Multi-Play,Prélèvement,20.449999999999996,244.0,36.0,1,0,0
159,99,41.0,Occitanie,Mobile Seul,Prélèvement,10.5,262.0,12.0,2,0,0
390,41,22.0,Île-De-France,Mobile Seul,Carte Bancaire,3.7,245.0,9.0,5,0,0
848,72,26.0,Grand Est,Internet Seul,Carte Bancaire,2.5,174.0,8.0,2,0,1
378,89,55.0,Auvergne-Rhône-Alpes,Mobile Seul,Prélèvement,4.8,99.0,8.0,0,0,0
278,96,107.125,Hauts-De-France,Multi-Play,Prélèvement,7.7,178.0,32.0,0,1,0
438,17,47.0,Île-De-France,Mobile Seul,Prélèvement,2.6,249.0,11.0,0,0,0
353,32,48.0,Nouvelle-Aquitaine,Mobile Seul,Prélèvement,3.8,161.0,16.0,1,1,1
319,20,64.0,Hauts-De-France,Multi-Play,Virement,3.6,275.0,0.0,1,0,0
98,74,63.0,Grand Est,Multi-Play,Prélèvement,1.1,90.0,5.0,2,0,0
877,101,48.0,Paca,Multi-Play,Prélèvement,10.8,350.0,8.0,0,2,0
695,74,57.0,Île-De-France,Mobile Seul,Carte Bancaire,9.3,227.0,15.0,1,1,0
458,116,77.0,Occitanie,Mobile Seul,Virement,13.8,121.0,11.0,2,1,0
128,9,47.0,Hauts-De-France,Mobile Seul,Virement,12.0,111.0,71.0,1,0,1
309,80,27.0,Auvergne-Rhône-Alpes,Internet Seul,Prélèvement,2.3,174.0,44.0,4,1,0
257,62,69.0,Occitanie,Multi-Play,Carte Bancaire,20.449999999999996,57.0,7.0,3,0,0
602,22,21.0,Occitanie,Mobile Seul,Prélèvement,9.5,112.0,0.0,0,1,0
81,81,22.0,Nouvelle-Aquitaine,Mobile Seul,Prélèvement,9.8,109.0,10.0,1,0,0
875,85,51.0,Auvergne-Rhône-Alpes,Mobile Seul,Carte Bancaire,5.9,247.0,60.0,0,0,0
224,92,23.0,Hauts-De-France,Mobile Seul,Prélèvement,13.9,207.0,19.0,3,0,0
870,61,38.0,Hauts-De-France,Multi-Play,Prélèvement,4.1,303.0,43.0,1,0,0
749,59,45.0,Hauts-De-France,Mobile Seul,Carte Bancaire,13.9,180.0,40.0,1,0,0
595,1,57.0,Bretagne,Mobile Seul,Prélèvement,4.8,219.0,2.0,3,2,1
376,99,47.0,Grand Est,Mobile Seul,Carte Bancaire,6.7,136.0,17.0,0,0,0
217,108,22.0,Île-De-France,Mobile Seul,Carte Bancaire,1.7,86.0,12.0,2,1,0
571,92,44.0,Occitanie,Multi-Play,Carte Bancaire,3.0,194.0,8.0,0,0,0
572,58,22.0,Paca,Multi-Play,Carte Bancaire,16.6,299.0,13.0,3,0,1
356,105,26.0,Nouvelle-Aquitaine,Mobile Seul,Prélèvement,6.85,229.0,6.0,0,0,0
501,13,31.0,Bretagne,Multi-Play,Prélèvement,1.5,171.0,21.0,5,1,1
165,65,68.0,Nouvelle-Aquitaine,Multi-Play,Carte Bancaire,20.449999999999996,278.0,9.0,3,1,0
800,17,36.0,Hauts-De-France,Mobile Seul,Carte Bancaire,7.0,310.0,1.0,2,1,0
803,46,36.0,Occitanie,Multi-Play,Prélèvement,9.9,201.0,2.0,2,0,0
335,23,62.0,Nouvelle-Aquitaine,Mobile Seul,Prélèvement,5.9,137.0,28.0,1,1,0
524,51,53.0,Occitanie,Multi-Play,Carte Bancaire,2.2,271.0,17.0,2,2,0
780,109,73.0,Bretagne,Multi-Play,Carte Bancaire,2.5,220.0,28.0,2,1,0
361,3,57.0,Grand Est,Mobile Seul,Carte Bancaire,2.0,110.0,18.0,1,0,0
180,15,23.0,Auvergne-Rhône-Alpes,Mobile Seul,Virement,6.85,405.0,19.0,2,1,0
862,38,46.0,Hauts-De-France,Multi-Play,Prélèvement,2.6,246.0,1.0,1,1,0
16,100,77.0,Occitanie,Mobile Seul,Carte Bancaire,4.4,0.0,14.0,0,0,0
729,62,48.0,Paca,Multi-Play,Carte Bancaire,6.3,273.0,13.0,1,2,0
579,23,23.0,Nouvelle-Aquitaine,Mobile Seul,Prélèvement,4.9,39.0,9.0,4,0,0
726,96,45.0,Île-De-France,Multi-Play,Carte Bancaire,9.8,111.0,27.0,1,1,0
778,57,31.0,Paca,Mobile Seul,Virement,3.9,154.0,2.0,0,1,0
300,70,43.0,Nouvelle-Aquitaine,Multi-Play,Prélèvement,2.9,215.0,5.0,0,0,0
466,25,47.0,Grand Est,Multi-Play,Virement,0.5,405.75,24.0,1,0,0
626,90,43.0,Grand Est,Mobile Seul,Carte Bancaire,6.6,203.0,40.0,1,1,0
148,73,51.0,Bretagne,Mobile Seul,Prélèvement,8.3,231.0,18.0,0,0,0
454,95,52.0,Grand Est,Mobile Seul,Prélèvement,7.8,187.0,8.0,1,0,0
535,42,48.0,Paca,Mobile Seul,Prélèvement,5.1,251.0,25.0,1,1,0
659,32,51.0,Grand Est,Mobile Seul,Prélèvement,9.9,221.0,0.0,1,0,0
869,45,35.0,Occitanie,Multi-Play,Virement,8.9,274.0,2.0,2,0,0
286,32,55.0,Auvergne-Rhône-Alpes,Multi-Play,Prélèvement,9.0,126.0,10.0,1,1,0
139,35,19.0,Grand Est,Multi-Play,Prélèvement,4.8,148.0,13.0,1,1,0
55,101,71.0,Île-De-France,Internet Seul,Carte Bancaire,1.2,162.0,6.0,1,0,0
317,67,39.0,Hauts-De-France,Mobile Seul,Prélèvement,9.8,269.0,13.0,1,0,0
254,105,66.0,Hauts-De-France,Internet Seul,Carte Bancaire,20.449999999999996,204.0,54.0,1,2,0
625,16,38.0,Paca,Multi-Play,Prélèvement,2.6,192.0,3.0,3,1,0
398,20,37.0,Île-De-France,Internet Seul,Prélèvement,6.0,195.0,2.0,1,0,0
272,2,76.0,Nouvelle-Aquitaine,Mobile Seul,Prélèvement,4.5,167.0,15.0,0,0,0
23,88,44.0,Nouvelle-Aquitaine,Multi-Play,Virement,20.449999999999996,283.0,22.0,0,1,0
831,61,75.0,Auvergne-Rhône-Alpes,Multi-Play,Carte Bancaire,16.1,159.0,24.0,3,0,0
391,100,23.0,Nouvelle-Aquitaine,Mobile Seul,Carte Bancaire,8.7,99.0,15.0,0,1,0
245,106,47.0,Bretagne,Internet Seul,Carte Bancaire,6.2,329.0,1.0,2,0,0
899,12,27.0,Nouvelle-Aquitaine,Mobile Seul,Prélèvement,14.6,129.0,29.0,2,0,1
752,100,24.0,Nouvelle-Aquitaine,Multi-Play,Carte Bancaire,5.9,173.0,19.0,2,0,0
620,110,48.0,Hauts-De-France,Mobile Seul,Prélèvement,8.4,129.0,20.0,0,0,0
290,68,42.0,Nouvelle-Aquitaine,Multi-Play,Prélèvement,3.5,186.0,5.0,3,1,0
479,23,59.0,Paca,Internet Seul,Prélèvement,5.3,113.0,13.0,2,0,0
703,117,68.0,Occitanie,Internet Seul,Virement,6.7,253.0,7.0,0,0,0
143,106,55.0,Hauts-De-France,Mobile Seul,Carte Bancaire,9.9,210.0,7.0,1,0,0
51,55,22.0,Nouvelle-Aquitaine,Multi-Play,Prélèvement,10.1,174.0,13.0,1,0,0
723,82,67.0,Bretagne,Multi-Play,Prélèvement,12.4,185.0,50.0,2,1,0
700,7,30.0,Grand Est,Mobile Seul,Prélèvement,1.6,185.0,23.0,0,1,0
714,101,47.0,Bretagne,Multi-Play,Carte Bancaire,3.3,251.0,1.0,1,0,0
566,19,68.0,Bretagne,Mobile Seul,Prélèvement,2.8,272.0,3.0,0,0,0
452,46,29.0,Auvergne-Rhône-Alpes,Internet Seul,Prélèvement,6.2,255.0,4.0,0,0,0
82,36,48.0,Nouvelle-Aquitaine,Internet Seul,Carte Bancaire,10.7,242.0,12.0,1,1,0
857,63,60.0,Île-De-France,Internet Seul,Carte Bancaire,9.0,227.0,45.0,1,1,0
238,72,43.0,Île-De-France,Mobile Seul,Carte Bancaire,2.0,223.0,4.0,2,1,0
628,48,53.0,Paca,Mobile Seul,Prélèvement,4.8,395.0,18.0,1,0,0
884,47,59.0,Paca,Internet Seul,Carte Bancaire,8.9,198.0,21.0,1,1,0
684,46,66.0,Auvergne-Rhône-Alpes,Mobile Seul,Prélèvement,5.3,234.0,36.0,0,0,0
67,9,44.0,Grand Est,Mobile Seul,Carte Bancaire,3.3,344.0,26.0,1,0,0
799,108,38.0,Auvergne-Rhône-Alpes,Internet Seul,Prélèvement,3.0,97.0,41.0,0,0,0
10,83,75.0,Occitanie,Multi-Play,Carte Bancaire,6.8,164.0,8.0,0,0,0
656,2,24.0,Occitanie,Multi-Play,Prélèvement,3.2,394.0,52.0,0,0,0
223,119,38.0,Occitanie,Multi-Play,Carte Bancaire,19.9,366.0,12.0,2,0,0
653,24,28.0,Paca,Mobile Seul,Prélèvement,6.0,270.0,8.0,0,0,1
464,67,31.0,Occitanie,Multi-Play,Carte Bancaire,17.9,296.0,4.0,0,0,0
385,66,48.0,Grand Est,Multi-Play,Prélèvement,10.9,85.0,4.0,1,1,0
794,111,24.0,Île-De-France,Mobile Seul,Carte Bancaire,4.7,187.0,12.0,0,1,0
114,111,43.0,Bretagne,Mobile Seul,Prélèvement,3.5,232.0,27.0,1,1,0
597,61,60.0,Paca,Mobile Seul,Prélèvement,4.8,206.0,6.0,1,1,0
663,12,76.0,Île-De-France,Internet Seul,Carte Bancaire,20.449999999999996,92.0,1.0,0,0,1
468,95,38.0,Auvergne-Rhône-Alpes,Multi-Play,Carte Bancaire,6.8,0.0,0.0,1,2,0
65,14,39.0,Hauts-De-France,Multi-Play,Prélèvement,6.8,106.0,16.0,3,1,0
777,16,41.0,Île-De-France,Mobile Seul,Prélèvement,13.3,245.0,49.0,3,0,0
271,113,31.0,Occitanie,Mobile Seul,Carte Bancaire,6.8,149.0,15.0,0,0,0
719,49,18.0,Paca,Mobile Seul,Prélèvement,0.4,55.0,16.0,3,0,0
885,105,39.0,Île-De-France,Internet Seul,Prélèvement,2.0,253.0,9.0,0,0,0
388,80,48.0,Grand Est,Mobile Seul,Virement,11.5,161.0,17.0,2,0,0
262,39,31.0,Paca,Internet Seul,Carte Bancaire,5.5,283.0,17.0,1,1,0
21,53,58.0,Nouvelle-Aquitaine,Mobile Seul,Prélèvement,17.7,345.0,2.0,1,0,0
306,73,37.0,Auvergne-Rhône-Alpes,Internet Seul,Carte Bancaire,6.2,84.0,13.0,0,0,0
701,68,47.0,Île-De-France,Internet Seul,Virement,6.2,238.0,3.0,0,0,0
738,99,20.0,Hauts-De-France,Multi-Play,Prélèvement,6.8,184.0,21.0,4,0,0
505,36,68.0,Nouvelle-Aquitaine,Multi-Play,Carte Bancaire,6.6,157.0,15.0,2,0,0
366,33,23.0,Île-De-France,Internet Seul,Carte Bancaire,2.4,405.75,18.0,1,0,0
348,1,47.0,Nouvelle-Aquitaine,Internet Seul,Carte Bancaire,6.2,264.0,18.0,0,2,1
573,55,2.0,Île-De-France,Mobile Seul,Carte Bancaire,1.9,148.0,42.0,2,0,0
340,7,70.0,Île-De-France,Multi-Play,Carte Bancaire,6.8,65.0,18.0,4,0,0
541,101,27.0,Bretagne,Mobile Seul,Prélèvement,5.8,289.0,13.0,4,3,0
52,116,72.0,Hauts-De-France,Mobile Seul,Carte Bancaire,5.7,315.0,24.0,2,0,1
187,103,65.0,Auvergne-Rhône-Alpes,Multi-Play,Prélèvement,10.8,197.0,12.0,2,0,0
594,117,64.0,Paca,Mobile Seul,Prélèvement,10.8,108.0,36.0,1,0,1
412,110,20.0,Nouvelle-Aquitaine,Internet Seul,Prélèvement,5.6,197.0,5.0,1,0,0
26,38,26.0,Île-De-France,Multi-Play,Prélèvement,20.449999999999996,162.0,41.0,1,1,0
693,93,45.0,Nouvelle-Aquitaine,Multi-Play,Carte Bancaire,6.8,209.0,13.0,5,1,0
368,116,37.0,Grand Est,Mobile Seul,Prélèvement,20.449999999999996,183.0,11.0,0,0,0
736,23,72.0,Hauts-De-France,Mobile Seul,Prélèvement,3.6,23.0,2.0,1,2,0
754,61,25.0,Auvergne-Rhône-Alpes,Multi-Play,Prélèvement,20.449999999999996,89.0,3.0,0,0,0
189,52,68.0,Nouvelle-Aquitaine,Mobile Seul,Prélèvement,1.9,139.0,58.0,0,1,0
252,96,18.0,Auvergne-Rhône-Alpes,Mobile Seul,Prélèvement,7.4,274.0,7.0,2,0,0
358,19,20.0,Paca,Internet Seul,Carte Bancaire,6.2,223.0,14.0,1,0,0
329,1,69.0,Grand Est,Multi-Play,Carte Bancaire,12.8,199.0,31.0,3,0,1
284,44,35.0,Auvergne-Rhône-Alpes,Internet Seul,Carte Bancaire,7.9,228.0,9.0,0,2,1
295,38,56.0,Paca,Mobile Seul,Prélèvement,12.6,405.75,6.0,1,1,0
797,74,50.0,Île-De-France,Mobile Seul,Prélèvement,12.0,271.0,57.0,2,2,0
850,105,19.0,Île-De-France,Multi-Play,Carte Bancaire,6.8,227.0,11.0,2,0,0
504,57,57.0,Nouvelle-Aquitaine,Multi-Play,Prélèvement,4.8,165.0,22.0,3,0,0
624,76,54.0,Auvergne-Rhône-Alpes,Internet Seul,Prélèvement,3.3,299.0,115.0,0,0,0
833,54,48.0,Paca,Mobile Seul,Prélèvement,20.4,211.0,1.0,0,0,0
673,67,70.0,Auvergne-Rhône-Alpes,Mobile Seul,Carte Bancaire,6.85,52.0,18.0,1,0,0
808,50,19.0,Paca,Multi-Play,Carte Bancaire,4.2,30.0,73.0,5,0,0
450,93,26.0,Paca,Multi-Play,Carte Bancaire,20.2,35.0,34.0,1,0,0
325,40,59.0,Hauts-De-France,Mobile Seul,Prélèvement,1.8,268.0,44.0,0,0,0
829,31,52.0,Paca,Mobile Seul,Prélèvement,14.3,103.0,0.0,1,0,1
508,65,23.0,Auvergne-Rhône-Alpes,Internet Seul,Prélèvement,17.1,171.0,40.0,0,0,0
219,84,45.0,Paca,Internet Seul,Carte Bancaire,5.5,155.0,16.0,3,3,0
240,9,48.0,Île-De-France,Mobile Seul,Carte Bancaire,12.1,204.0,11.0,2,1,1
442,93,79.0,Occitanie,Mobile Seul,Carte Bancaire,6.9,124.0,2.0,2,1,0
690,81,37.0,Nouvelle-Aquitaine,Mobile Seul,Virement,2.1,267.0,111.0,3,0,0
193,101,72.0,Nouvelle-Aquitaine,Multi-Play,Prélèvement,7.4,217.0,6.0,1,0,0
192,94,40.0,Paca,Mobile Seul,Virement,2.9,140.0,13.0,3,1,0
697,34,24.0,Île-De-France,Mobile Seul,Carte Bancaire,6.85,229.0,26.0,2,0,0
397,48,50.0,Hauts-De-France,Mobile Seul,Prélèvement,20.449999999999996,100.0,4.0,1,0,0
133,88,64.0,Bretagne,Internet Seul,Prélèvement,19.1,188.0,24.0,2,0,0
298,116,56.0,Île-De-France,Mobile Seul,Carte Bancaire,19.3,252.0,14.0,2,0,0
253,88,25.0,Hauts-De-France,Mobile Seul,Prélèvement,14.6,31.0,2.0,0,0,0
612,57,26.0,Paca,Mobile Seul,Carte Bancaire,6.9,280.0,10.0,1,0,1
264,3,45.0,Nouvelle-Aquitaine,Internet Seul,Carte Bancaire,8.1,42.0,15.0,1,0,1
71,84,51.0,Nouvelle-Aquitaine,Multi-Play,Prélèvement,8.8,282.0,70.0,4,0,0
273,2,73.0,Grand Est,Multi-Play,Prélèvement,2.5,296.0,10.0,6,0,0
552,109,73.0,Île-De-France,Multi-Play,Prélèvement,2.5,171.0,11.0,1,0,0
116,24,51.0,Auvergne-Rhône-Alpes,Multi-Play,Virement,4.9,153.0,9.0,3,1,1
860,56,43.0,Auvergne-Rhône-Alpes,Mobile Seul,Prélèvement,20.449999999999996,181.0,3.0,1,0,0
565,30,48.0,Auvergne-Rhône-Alpes,Multi-Play,Carte Bancaire,4.2,228.0,9.0,3,0,0
706,75,36.0,Nouvelle-Aquitaine,Mobile Seul,Prélèvement,18.6,159.0,24.0,1,2,0
363,24,53.0,Occitanie,Mobile Seul,Prélèvement,8.4,132.0,3.0,2,1,0
511,16,24.0,Auvergne-Rhône-Alpes,Mobile Seul,Virement,11.8,300.0,42.0,3,1,1
279,97,63.0,Nouvelle-Aquitaine,Internet Seul,Carte Bancaire,7.4,181.0,11.0,0,0,0
3,93,25.0,Hauts-De-France,Multi-Play,Carte Bancaire,5.6,242.0,43.0,1,1,0
230,27,63.0,Paca,Multi-Play,Prélèvement,10.1,298.0,24.0,1,1,0
771,25,45.0,Paca,Multi-Play,Prélèvement,6.8,173.0,13.0,1,0,0
494,42,50.0,Hauts-De-France,Internet Seul,Prélèvement,5.6,312.0,6.0,1,1,1
784,39,21.0,Occitanie,Mobile Seul,Carte Bancaire,9.0,297.0,5.0,1,1,0
200,36,21.0,Nouvelle-Aquitaine,Mobile Seul,Carte Bancaire,20.449999999999996,223.0,1.0,2,0,0
447,105,70.0,Grand Est,Multi-Play,Virement,7.4,267.0,9.0,0,0,0
631,100,74.0,Paca,Multi-Play,Carte Bancaire,7.6,150.0,54.0,0,0,0
66,114,76.0,Nouvelle-Aquitaine,Multi-Play,Prélèvement,8.1,300.0,28.0,4,2,0
665,35,76.0,Île-De-France,Multi-Play,Prélèvement,11.9,38.0,41.0,0,0,0
677,74,46.0,Paca,Internet Seul,Carte Bancaire,8.4,190.0,104.0,0,1,0
818,109,48.0,Hauts-De-France,Mobile Seul,Prélèvement,3.3,272.0,2.0,1,1,0
351,69,79.0,Paca,Internet Seul,Carte Bancaire,6.1,30.0,72.0,1,1,0
492,39,40.0,Nouvelle-Aquitaine,Multi-Play,Virement,8.7,117.0,29.0,1,0,0
432,48,28.0,Grand Est,Internet Seul,Prélèvement,7.3,0.0,8.0,0,0,0
274,92,68.0,Occitanie,Mobile Seul,Prélèvement,6.85,71.0,7.0,2,1,0
633,94,71.0,Nouvelle-Aquitaine,Mobile Seul,Prélèvement,16.2,127.0,23.0,2,1,0
420,27,27.0,Paca,Mobile Seul,Prélèvement,4.2,166.0,8.0,0,1,1
692,8,39.0,Nouvelle-Aquitaine,Mobile Seul,Carte Bancaire,11.7,392.0,8.0,1,0,0
178,9,22.0,Île-De-France,Mobile Seul,Prélèvement,14.7,277.0,4.0,1,0,0
301,86,79.0,Occitanie,Multi-Play,Prélèvement,7.2,144.0,3.0,1,0,0
38,91,23.0,Hauts-De-France,Mobile Seul,Virement,8.6,186.0,1.0,0,1,0
203,71,73.0,Paca,Multi-Play,Prélèvement,6.8,263.0,22.0,2,1,0
237,70,26.0,Hauts-De-France,Multi-Play,Carte Bancaire,3.1,176.0,11.0,1,0,1
150,12,47.0,Auvergne-Rhône-Alpes,Internet Seul,Prélèvement,5.3,113.0,10.0,3,1,0
218,44,35.0,Auvergne-Rhône-Alpes,Mobile Seul,Prélèvement,6.85,99.0,34.0,3,2,0
614,78,68.0,Hauts-De-France,Mobile Seul,Prélèvement,13.7,143.0,26.0,1,2,0
861,33,75.0,Nouvelle-Aquitaine,Mobile Seul,Prélèvement,6.85,198.0,1.0,0,1,0
486,104,31.0,Grand Est,Multi-Play,Prélèvement,2.8,192.0,15.0,2,0,0
554,116,46.0,Occitanie,Mobile Seul,Carte Bancaire,19.4,42.0,47.0,2,0,0
569,63,43.0,Nouvelle-Aquitaine,Internet Seul,Carte Bancaire,7.8,122.0,26.0,1,0,0
303,112,42.0,Île-De-France,Multi-Play,Carte Bancaire,3.1,168.0,3.0,0,0,0
783,58,33.0,Grand Est,Multi-Play,Prélèvement,6.3,232.0,6.0,0,0,0
835,91,34.0,Auvergne-Rhône-Alpes,Internet Seul,Virement,3.2,114.0,15.0,0,1,0
609,51,45.0,Occitanie,Internet Seul,Prélèvement,4.9,169.0,7.0,1,0,0
842,13,49.0,Paca,Internet Seul,Carte Bancaire,15.0,273.0,10.0,1,0,0
424,30,57.0,Occitanie,Multi-Play,Carte Bancaire,6.2,336.0,2.0,3,1,1
352,37,47.0,Grand Est,Mobile Seul,Prélèvement,20.449999999999996,154.0,16.0,1,2,0
194,23,33.0,Bretagne,Multi-Play,Carte Bancaire,10.1,163.0,34.0,0,0,0
236,103,44.0,Paca,Multi-Play,Virement,4.7,143.0,45.0,1,0,0
372,36,32.0,Hauts-De-France,Multi-Play,Prélèvement,6.8,225.0,10.0,1,1,0
762,95,78.0,Île-De-France,Multi-Play,Prélèvement,1.2,181.0,2.0,0,1,0
56,51,18.0,Auvergne-Rhône-Alpes,Multi-Play,Virement,6.8,26.0,59.0,0,1,0
610,101,48.0,Bretagne,Internet Seul,Prélèvement,4.6,89.0,39.0,0,0,0
97,34,26.0,Grand Est,Multi-Play,Prélèvement,14.2,294.0,51.0,0,0,0
142,5,56.0,Bretagne,Mobile Seul,Prélèvement,3.4,180.0,1.0,3,0,0
745,112,77.0,Hauts-De-France,Mobile Seul,Prélèvement,5.2,162.0,26.0,0,0,0
787,5,71.0,Occitanie,Multi-Play,Prélèvement,14.0,305.0,27.0,1,0,0
809,27,18.0,Bretagne,Multi-Play,Carte Bancaire,2.7,339.0,12.0,1,1,1
682,12,67.0,Auvergne-Rhône-Alpes,Mobile Seul,Prélèvement,9.5,95.0,7.0,0,0,0
121,41,67.0,Grand Est,Mobile Seul,Prélèvement,7.4,279.0,5.0,1,1,0
423,21,30.0,Auvergne-Rhône-Alpes,Internet Seul,Carte Bancaire,8.5,194.0,10.0,0,0,0
63,89,43.0,Île-De-France,Mobile Seul,Virement,2.0,86.0,28.0,2,0,0
691,90,71.0,Hauts-De-France,Mobile Seul,Prélèvement,10.4,0.0,4.0,1,0,0
645,58,74.0,Île-De-France,Internet Seul,Prélèvement,2.6,179.0,16.0,0,0,0
4,15,55.0,Occitanie,Multi-Play,Prélèvement,6.5,172.0,30.0,0,2,1
59,73,64.0,Île-De-France,Internet Seul,Prélèvement,10.7,230.0,12.0,1,0,0
473,46,31.0,Occitanie,Multi-Play,Prélèvement,12.5,147.0,55.0,0,1,0
102,95,30.0,Hauts-De-France,Mobile Seul,Carte Bancaire,19.3,143.0,39.0,0,1,0
816,8,20.0,Occitanie,Mobile Seul,Prélèvement,8.3,158.0,8.0,0,1,0
222,75,39.0,Bretagne,Internet Seul,Prélèvement,6.2,405.75,1.0,1,0,1
404,33,31.0,Nouvelle-Aquitaine,Multi-Play,Prélèvement,8.4,235.0,15.0,0,3,0
5,107,29.0,Paca,Mobile Seul,Carte Bancaire,18.8,160.0,27.0,1,0,0
53,64,73.0,Nouvelle-Aquitaine,Multi-Play,Carte Bancaire,4.9,268.0,38.0,0,1,0
18,24,48.0,Auvergne-Rhône-Alpes,Mobile Seul,Carte Bancaire,3.4,270.0,27.0,1,0,1
676,40,66.0,Auvergne-Rhône-Alpes,Multi-Play,Carte Bancaire,5.1,102.0,1.0,2,0,0
307,59,42.0,Nouvelle-Aquitaine,Mobile Seul,Prélèvement,5.4,165.0,18.0,2,0,0
156,62,74.0,Bretagne,Multi-Play,Prélèvement,13.6,148.0,8.0,2,0,0
436,64,72.0,Île-De-France,Internet Seul,Prélèvement,8.2,259.0,10.0,0,1,0
615,92,46.0,Auvergne-Rhône-Alpes,Mobile Seul,Carte Bancaire,15.3,221.0,19.0,4,3,1
249,59,34.0,Occitanie,Mobile Seul,Carte Bancaire,4.7,205.0,33.0,3,0,1
250,118,43.0,Occitanie,Mobile Seul,Prélèvement,9.0,125.0,10.0,1,0,0
359,48,68.0,Hauts-De-France,Mobile Seul,Carte Bancaire,13.9,188.0,33.0,1,2,0
389,61,48.0,Occitanie,Multi-Play,Prélèvement,8.8,84.0,20.0,0,0,0
744,84,51.0,Occitanie,Mobile Seul,Prélèvement,3.4,168.0,8.0,3,0,0
774,100,51.0,Île-De-France,Mobile Seul,Prélèvement,4.0,188.0,4.0,1,0,0
31,33,45.0,Paca,Internet Seul,Prélèvement,13.5,300.0,4.0,0,0,0
782,42,60.0,Hauts-De-France,Multi-Play,Prélèvement,20.449999999999996,359.0,44.0,4,0,1
879,99,55.0,Grand Est,Mobile Seul,Prélèvement,3.4,253.0,16.0,5,0,1
118,89,71.0,Hauts-De-France,Mobile Seul,Prélèvement,6.3,39.0,5.0,2,0,0
446,99,48.0,Nouvelle-Aquitaine,Mobile Seul,Prélèvement,2.4,88.0,20.0,1,1,0
117,26,71.0,Île-De-France,Mobile Seul,Prélèvement,10.5,228.0,39.0,1,0,0
582,117,64.0,Occitanie,Internet Seul,Prélèvement,1.8,196.0,45.0,1,1,0
604,119,73.0,Occitanie,Multi-Play,Prélèvement,5.3,291.0,47.0,0,0,0
886,49,38.0,Île-De-France,Internet Seul,Carte Bancaire,6.2,170.0,68.0,1,1,1
28,64,70.0,Bretagne,Mobile Seul,Carte Bancaire,8.9,167.0,25.0,2,1,0
382,18,19.0,Hauts-De-France,Mobile Seul,Carte Bancaire,2.4,0.0,6.0,1,2,0
308,70,21.0,Auvergne-Rhône-Alpes,Mobile Seul,Prélèvement,6.85,160.0,44.0,1,0,0
657,113,35.0,Île-De-France,Mobile Seul,Prélèvement,9.0,230.0,15.0,2,1,0
201,13,57.0,Nouvelle-Aquitaine,Internet Seul,Prélèvement,7.4,69.0,22.0,1,1,0
519,66,50.0,Bretagne,Mobile Seul,Carte Bancaire,10.6,174.0,14.0,1,0,0
386,54,43.0,Nouvelle-Aquitaine,Internet Seul,Carte Bancaire,6.4,133.0,3.0,2,2,0
759,71,48.0,Hauts-De-France,Internet Seul,Carte Bancaire,1.1,245.0,9.0,3,0,1
892,54,57.0,Nouvelle-Aquitaine,Multi-Play,Prélèvement,13.7,207.0,1.0,3,0,0
725,103,71.0,Bretagne,Multi-Play,Carte Bancaire,10.8,258.0,83.0,0,0,0
465,18,77.0,Occitanie,Mobile Seul,Prélèvement,17.6,194.0,13.0,0,0,0
315,19,53.0,Nouvelle-Aquitaine,Mobile Seul,Prélèvement,6.0,209.0,16.0,4,0,1
410,119,30.0,Auvergne-Rhône-Alpes,Mobile Seul,Carte Bancaire,6.85,14.0,29.0,0,1,0
281,19,64.0,Paca,Internet Seul,Prélèvement,17.7,83.0,7.0,0,1,1
865,58,40.0,Île-De-France,Internet Seul,Prélèvement,7.4,206.0,29.0,1,0,0
354,119,41.0,Hauts-De-France,Mobile Seul,Prélèvement,3.9,204.0,15.0,1,0,0
583,1,43.0,Bretagne,Mobile Seul,Carte Bancaire,4.9,240.0,10.0,0,0,0
208,66,44.0,Hauts-De-France,Internet Seul,Prélèvement,6.2,362.0,15.0,2,2,0
380,25,79.0,Nouvelle-Aquitaine,Multi-Play,Prélèvement,7.5,118.0,2.0,1,2,0
696,90,66.0,Paca,Internet Seul,Prélèvement,2.8,92.0,70.0,0,1,0
790,93,48.0,Occitanie,Mobile Seul,Carte Bancaire,5.5,181.0,2.0,4,0,0
24,108,71.0,Grand Est,Mobile Seul,Carte Bancaire,16.7,140.0,10.0,1,1,0
341,16,39.0,Bretagne,Mobile Seul,Virement,18.4,178.0,4.0,2,1,1
733,113,18.0,Occitanie,Mobile Seul,Virement,10.4,84.0,20.0,1,0,0
578,62,55.0,Bretagne,Internet Seul,Prélèvement,12.0,242.0,32.0,2,1,0
155,23,69.0,Paca,Mobile Seul,Carte Bancaire,5.9,229.0,21.0,3,2,1
823,71,55.0,Île-De-France,Mobile Seul,Prélèvement,2.2,69.0,3.0,1,1,0
758,9,20.0,Paca,Mobile Seul,Prélèvement,4.0,239.0,34.0,0,0,0
483,2,25.0,Auvergne-Rhône-Alpes,Internet Seul,Carte Bancaire,0.8,121.0,2.0,0,2,0
716,24,57.0,Occitanie,Multi-Play,Prélèvement,6.8,342.0,4.0,1,1,0
490,118,55.0,Occitanie,Multi-Play,Prélèvement,8.9,213.0,20.0,1,0,0
472,104,76.0,Île-De-France,Mobile Seul,Prélèvement,17.8,219.0,0.0,0,0,0
544,53,55.0,Nouvelle-Aquitaine,Mobile Seul,Virement,3.0,123.0,11.0,3,0,0
768,69,20.0,Nouvelle-Aquitaine,Mobile Seul,Carte Bancaire,20.449999999999996,71.0,80.0,0,0,0
516,15,32.0,Hauts-De-France,Multi-Play,Carte Bancaire,5.1,178.0,26.0,0,0,0
263,2,43.0,Grand Est,Mobile Seul,Prélèvement,7.7,118.0,19.0,0,1,0
83,50,22.0,Hauts-De-France,Internet Seul,Prélèvement,11.0,220.0,44.0,7,0,0
514,115,59.0,Île-De-France,Mobile Seul,Carte Bancaire,20.449999999999996,332.0,10.0,0,0,0
408,115,28.0,Nouvelle-Aquitaine,Multi-Play,Carte Bancaire,9.6,274.0,32.0,1,0,0
881,20,29.0,Hauts-De-France,Multi-Play,Prélèvement,6.8,164.0,21.0,3,0,1
488,9,68.0,Hauts-De-France,Mobile Seul,Virement,18.2,227.0,23.0,1,2,1
39,59,35.0,Grand Est,Multi-Play,Prélèvement,13.6,148.0,2.0,0,1,0
418,54,22.0,Nouvelle-Aquitaine,Mobile Seul,Carte Bancaire,7.3,248.0,38.0,2,1,1
512,14,68.0,Hauts-De-France,Internet Seul,Carte Bancaire,5.0,51.0,16.0,1,0,1
334,50,76.0,Île-De-France,Multi-Play,Prélèvement,8.2,180.0,11.0,1,1,0
11,87,45.0,Paca,Mobile Seul,Prélèvement,18.5,152.0,18.0,0,0,0
527,63,74.0,Bretagne,Mobile Seul,Prélèvement,5.0,208.0,7.0,2,1,0
320,96,25.0,Bretagne,Mobile Seul,Prélèvement,3.8,109.0,11.0,1,2,0
33,58,46.0,Bretagne,Mobile Seul,Carte Bancaire,5.4,84.0,151.0,2,0,0
687,114,37.0,Occitanie,Mobile Seul,Prélèvement,1.9,268.0,69.0,3,0,1
801,102,65.0,Auvergne-Rhône-Alpes,Mobile Seul,Carte Bancaire,3.0,184.0,39.0,1,0,0
619,94,39.0,Grand Est,Multi-Play,Prélèvement,5.0,277.0,6.0,0,0,0
383,110,32.0,Nouvelle-Aquitaine,Internet Seul,Carte Bancaire,6.2,160.0,6.0,2,0,0
282,2,77.0,Auvergne-Rhône-Alpes,Internet Seul,Carte Bancaire,9.2,199.0,13.0,2,0,1
636,10,57.0,Île-De-France,Mobile Seul,Carte Bancaire,1.1,157.0,3.0,0,2,0
668,61,107.125,Hauts-De-France,Multi-Play,Prélèvement,2.7,230.0,6.0,0,3,0
820,86,48.0,Grand Est,Mobile Seul,Prélèvement,11.8,161.0,7.0,3,0,0
617,47,57.0,Grand Est,Internet Seul,Carte Bancaire,5.4,300.0,0.0,2,1,0
828,70,61.0,Grand Est,Internet Seul,Prélèvement,4.7,116.0,30.0,0,0,0
379,99,68.0,Grand Est,Multi-Play,Carte Bancaire,1.2,116.0,3.0,0,2,0
448,37,73.0,Paca,Multi-Play,Prélèvement,13.4,213.0,5.0,0,3,0
786,95,54.0,Occitanie,Mobile Seul,Virement,6.85,209.0,6.0,0,0,0
90,4,54.0,Auvergne-Rhône-Alpes,Mobile Seul,Carte Bancaire,3.8,215.0,37.0,1,0,0
214,6,68.0,Grand Est,Mobile Seul,Carte Bancaire,3.9,248.0,1.0,1,2,1
322,52,66.0,Île-De-France,Multi-Play,Virement,5.8,198.0,22.0,0,0,0
880,19,75.0,Auvergne-Rhône-Alpes,Internet Seul,Virement,6.2,304.0,1.0,3,0,0
134,63,40.0,Nouvelle-Aquitaine,Mobile Seul,Virement,16.9,324.0,22.0,1,2,0
347,2,21.0,Auvergne-Rhône-Alpes,Mobile Seul,Prélèvement,7.4,11.0,1.0,1,1,1
44,15,19.0,Occitanie,Multi-Play,Carte Bancaire,6.2,23.0,26.0,1,0,0
8,21,70.0,Grand Est,Internet Seul,Prélèvement,4.5,277.0,44.0,0,1,0
558,55,64.0,Hauts-De-France,Multi-Play,Carte Bancaire,11.1,182.0,2.0,1,1,1
321,71,57.0,Île-De-France,Mobile Seul,Prélèvement,2.5,118.0,3.0,0,0,0
710,89,46.0,Paca,Mobile Seul,Prélèvement,2.9,12.0,31.0,1,1,0
188,113,28.0,Bretagne,Mobile Seul,Prélèvement,16.5,65.0,16.0,1,0,1
586,111,29.0,Grand Est,Multi-Play,Carte Bancaire,19.4,280.0,34.0,1,1,0
123,15,18.0,Grand Est,Internet Seul,Carte Bancaire,13.6,356.0,40.0,1,1,1
41,92,22.0,Auvergne-Rhône-Alpes,Mobile Seul,Carte Bancaire,6.85,174.0,14.0,1,0,0
305,97,30.0,Nouvelle-Aquitaine,Mobile Seul,Prélèvement,0.5,187.0,6.0,2,1,0
32,76,65.0,Auvergne-Rhône-Alpes,Mobile Seul,Carte Bancaire,8.5,93.0,3.0,1,2,0
553,96,32.0,Auvergne-Rhône-Alpes,Mobile Seul,Carte Bancaire,11.2,119.0,24.0,0,2,0
173,90,27.0,Grand Est,Mobile Seul,Prélèvement,8.9,238.0,8.0,0,0,0
285,90,75.0,Île-De-France,Mobile Seul,Prélèvement,5.8,354.0,19.0,3,0,0
431,61,26.0,Auvergne-Rhône-Alpes,Internet Seul,Virement,2.7,223.0,14.0,0,0,0
805,40,46.0,Bretagne,Multi-Play,Virement,3.1,150.0,2.0,2,2,0
241,62,74.0,Hauts-De-France,Mobile Seul,Prélèvement,5.7,159.0,11.0,1,0,0
660,91,44.0,Grand Est,Mobile Seul,Carte Bancaire,6.85,139.0,72.0,1,2,0
175,14,77.0,Occitanie,Mobile Seul,Prélèvement,3.8,124.0,7.0,0,0,0
559,40,21.0,Nouvelle-Aquitaine,Multi-Play,Prélèvement,2.6,191.0,17.0,0,0,0
644,19,69.0,Grand Est,Multi-Play,Carte Bancaire,11.4,96.0,12.0,3,0,0
246,44,60.0,Île-De-France,Mobile Seul,Prélèvement,2.5,280.0,26.0,2,1,0
57,7,35.0,Auvergne-Rhône-Alpes,Multi-Play,Carte Bancaire,16.2,209.0,26.0,1,1,0
510,110,20.0,Paca,Mobile Seul,Carte Bancaire,3.1,96.0,38.0,0,0,0
72,92,58.0,Nouvelle-Aquitaine,Multi-Play,Prélèvement,18.9,127.0,2.0,1,1,0
681,13,45.0,Auvergne-Rhône-Alpes,Mobile Seul,Carte Bancaire,1.2,200.0,1.0,2,1,0
146,28,55.0,Paca,Internet Seul,Prélèvement,6.2,43.0,7.0,0,0,0
91,54,27.0,Île-De-France,Internet Seul,Prélèvement,8.2,208.0,1.0,2,1,0
167,101,22.0,Auvergne-Rhône-Alpes,Mobile Seul,Virement,5.2,60.0,14.0,0,0,0
393,68,71.0,Grand Est,Multi-Play,Prélèvement,7.1,206.0,34.0,3,0,0
891,117,44.0,Occitanie,Internet Seul,Carte Bancaire,6.2,189.0,22.0,1,0,0
171,1,73.0,Bretagne,Internet Seul,Prélèvement,20.2,82.0,14.0,0,0,0
311,3,58.0,Île-De-France,Mobile Seul,Prélèvement,4.8,244.0,1.0,3,0,1
362,20,54.0,Hauts-De-France,Multi-Play,Prélèvement,2.1,175.0,33.0,3,0,0
360,80,48.0,Occitanie,Mobile Seul,Carte Bancaire,4.1,56.0,1.0,1,1,0
94,18,34.0,Nouvelle-Aquitaine,Multi-Play,Prélèvement,5.3,164.0,16.0,1,0,0
323,105,61.0,Occitanie,Internet Seul,Carte Bancaire,5.5,0.0,25.0,1,0,0
421,27,61.0,Bretagne,Mobile Seul,Prélèvement,1.9,134.0,55.0,1,3,0
413,30,50.0,Bretagne,Multi-Play,Carte Bancaire,6.2,189.0,1.0,1,0,1
627,90,63.0,Auvergne-Rhône-Alpes,Multi-Play,Prélèvement,6.0,237.0,6.0,0,0,0
795,76,27.0,Nouvelle-Aquitaine,Mobile Seul,Prélèvement,3.6,276.0,29.0,2,1,0
680,29,43.0,Nouvelle-Aquitaine,Mobile Seul,Prélèvement,6.9,405.75,12.0,0,1,0
377,112,48.0,Grand Est,Multi-Play,Prélèvement,3.8,151.0,11.0,1,0,0
396,21,37.0,Nouvelle-Aquitaine,Mobile Seul,Prélèvement,6.2,0.0,17.0,1,0,0
244,51,73.0,Île-De-France,Internet Seul,Prélèvement,9.2,164.0,3.0,1,0,0
748,13,72.0,Bretagne,Internet Seul,Prélèvement,2.9,338.0,1.0,3,0,0
88,54,54.0,Hauts-De-France,Internet Seul,Prélèvement,7.0,156.0,19.0,1,0,0
215,28,36.0,Occitanie,Mobile Seul,Virement,14.4,180.0,8.0,1,0,0
888,15,74.0,Occitanie,Mobile Seul,Prélèvement,4.2,0.0,20.0,0,0,0
345,60,72.0,Nouvelle-Aquitaine,Internet Seul,Carte Bancaire,4.9,221.0,49.0,4,0,1
174,119,34.0,Île-De-France,Mobile Seul,Carte Bancaire,6.3,65.0,25.0,1,0,0
770,12,50.0,Hauts-De-France,Mobile Seul,Prélèvement,4.8,98.0,8.0,1,0,0
718,99,35.0,Occitanie,Multi-Play,Prélèvement,6.7,180.0,49.0,3,0,0
292,75,48.0,Paca,Mobile Seul,Virement,5.8,342.0,38.0,0,1,0
426,28,37.0,Paca,Mobile Seul,Carte Bancaire,6.1,120.0,7.0,2,0,0
702,58,40.0,Auvergne-Rhône-Alpes,Mobile Seul,Carte Bancaire,5.1,109.0,31.0,1,0,0
119,60,20.0,Nouvelle-Aquitaine,Internet Seul,Prélèvement,0.8,122.0,2.0,1,0,0
120,109,76.0,Bretagne,Mobile Seul,Prélèvement,9.2,214.0,8.0,3,0,0
164,35,59.0,Hauts-De-France,Multi-Play,Prélèvement,5.0,0.0,1.0,2,0,0
575,101,79.0,Hauts-De-France,Mobile Seul,Prélèvement,1.2,112.0,33.0,1,0,0
1,103,48.0,Île-De-France,Mobile Seul,Prélèvement,8.2,341.0,3.0,0,0,0
395,14,36.0,Hauts-De-France,Multi-Play,Prélèvement,18.1,125.0,35.0,1,1,1
402,67,18.0,Bretagne,Multi-Play,Prélèvement,0.6,386.0,14.0,2,1,0
405,48,55.0,Occitanie,Mobile Seul,Prélèvement,1.4,60.0,55.0,2,1,0
557,99,46.0,Auvergne-Rhône-Alpes,Mobile Seul,Prélèvement,6.85,27.0,2.0,1,0,0
564,106,48.0,Occitanie,Internet Seul,Prélèvement,5.4,228.0,10.0,1,1,1
163,91,72.0,Nouvelle-Aquitaine,Multi-Play,Carte Bancaire,6.8,51.0,35.0,1,1,0
115,53,75.0,Nouvelle-Aquitaine,Multi-Play,Prélèvement,1.9,92.0,2.0,1,2,0
151,34,32.0,Nouvelle-Aquitaine,Internet Seul,Prélèvement,2.5,196.0,23.0,1,0,0
531,58,44.0,Nouvelle-Aquitaine,Internet Seul,Prélèvement,2.0,206.0,2.0,1,0,0
822,17,54.0,Bretagne,Internet Seul,Prélèvement,4.4,0.0,9.0,1,0,0
369,75,45.0,Hauts-De-France,Multi-Play,Carte Bancaire,6.8,55.0,16.0,3,1,1
478,86,62.0,Île-De-France,Mobile Seul,Carte Bancaire,5.4,405.75,14.0,2,2,0
894,3,29.0,Grand Est,Multi-Play,Prélèvement,4.0,182.0,25.0,0,2,0
533,49,50.0,Nouvelle-Aquitaine,Internet Seul,Virement,9.0,295.0,43.0,0,0,0
867,45,48.0,Occitanie,Mobile Seul,Prélèvement,1.3,235.0,22.0,2,0,0
259,58,64.0,Bretagne,Mobile Seul,Prélèvement,11.8,288.0,41.0,2,0,0
769,99,68.0,Hauts-De-France,Multi-Play,Prélèvement,5.4,156.0,3.0,0,0,0
136,115,54.0,Île-De-France,Multi-Play,Virement,3.1,317.0,27.0,1,0,0
839,39,76.0,Paca,Mobile Seul,Prélèvement,9.0,224.0,36.0,2,1,0
650,109,69.0,Grand Est,Mobile Seul,Prélèvement,3.8,128.0,11.0,1,1,0
724,113,19.0,Nouvelle-Aquitaine,Mobile Seul,Virement,20.449999999999996,267.0,4.0,0,0,0
502,60,48.0,Bretagne,Mobile Seul,Virement,6.1,264.0,10.0,0,0,0
591,89,35.0,Auvergne-Rhône-Alpes,Mobile Seul,Carte Bancaire,13.2,190.0,23.0,0,0,0
344,116,23.0,Hauts-De-France,Multi-Play,Prélèvement,5.2,111.0,4.0,1,1,0
611,86,48.0,Paca,Mobile Seul,Prélèvement,11.9,203.0,24.0,0,1,0
563,114,44.0,Grand Est,Mobile Seul,Prélèvement,10.2,205.0,4.0,0,1,0
294,17,27.0,Hauts-De-France,Internet Seul,Prélèvement,7.6,297.0,6.0,2,1,0
365,120,48.0,Hauts-De-France,Multi-Play,Prélèvement,7.4,228.0,8.0,0,0,0
568,120,53.0,Grand Est,Internet Seul,Virement,6.2,137.0,14.0,0,0,0
15,117,75.0,Hauts-De-France,Mobile Seul,Prélèvement,3.0,186.0,31.0,1,0,0
87,6,40.0,Île-De-France,Internet Seul,Prélèvement,8.7,132.0,66.0,2,0,1
371,72,21.0,Paca,Mobile Seul,Prélèvement,15.3,245.0,6.0,0,1,0
166,99,34.0,Grand Est,Mobile Seul,Carte Bancaire,10.2,91.0,52.0,1,1,0
802,7,78.0,Grand Est,Mobile Seul,Carte Bancaire,10.1,164.0,30.0,0,1,0
336,31,23.0,Île-De-France,Internet Seul,Carte Bancaire,6.5,174.0,166.0,1,3,0
60,39,66.0,Île-De-France,Mobile Seul,Prélèvement,6.85,257.0,32.0,2,1,1
355,9,72.0,Grand Est,Mobile Seul,Carte Bancaire,19.7,61.0,19.0,2,0,0
425,97,19.0,Auvergne-Rhône-Alpes,Mobile Seul,Virement,13.1,239.0,22.0,3,0,1
293,56,45.0,Hauts-De-France,Internet Seul,Carte Bancaire,9.0,326.0,32.0,2,1,0
42,60,64.0,Occitanie,Multi-Play,Prélèvement,6.6,245.0,18.0,0,0,0
330,11,43.0,Nouvelle-Aquitaine,Multi-Play,Prélèvement,14.2,130.0,20.0,2,0,0
430,69,34.0,Bretagne,Multi-Play,Prélèvement,7.7,107.0,27.0,1,1,0
80,78,34.0,Auvergne-Rhône-Alpes,Internet Seul,Carte Bancaire,10.4,211.0,5.0,0,0,0
29,60,37.0,Grand Est,Internet Seul,Prélèvement,14.0,33.0,6.0,1,0,0
255,52,52.0,Hauts-De-France,Multi-Play,Carte Bancaire,6.9,248.0,10.0,1,3,0
796,9,24.0,Grand Est,Mobile Seul,Carte Bancaire,9.6,103.0,11.0,3,0,0
459,63,46.0,Bretagne,Mobile Seul,Prélèvement,4.3,218.0,26.0,3,2,1
384,82,28.0,Paca,Mobile Seul,Virement,6.85,82.0,126.0,1,0,0
314,36,64.0,Grand Est,Internet Seul,Prélèvement,4.7,282.0,0.0,0,0,0
85,4,20.0,Nouvelle-Aquitaine,Mobile Seul,Prélèvement,1.6,133.0,3.0,0,1,0
137,81,38.0,Nouvelle-Aquitaine,Mobile Seul,Prélèvement,11.2,288.0,28.0,0,0,0
112,109,25.0,Île-De-France,Mobile Seul,Prélèvement,7.5,37.0,48.0,0,0,0
195,103,48.0,Hauts-De-France,Mobile Seul,Carte Bancaire,11.3,211.0,46.0,4,2,0
179,79,51.0,Hauts-De-France,Internet Seul,Prélèvement,16.7,283.0,24.0,0,0,0
806,42,48.0,Auvergne-Rhône-Alpes,Multi-Play,Prélèvement,2.7,180.0,0.0,2,0,0
497,99,50.0,Hauts-De-France,Internet Seul,Carte Bancaire,1.8,83.0,47.0,1,0,0
130,1,74.0,Auvergne-Rhône-Alpes,Mobile Seul,Prélèvement,17.7,141.0,8.0,0,0,1
338,42,74.0,Occitanie,Mobile Seul,Prélèvement,3.3,242.0,2.0,0,0,0
125,65,61.0,Île-De-France,Multi-Play,Prélèvement,3.2,136.0,1.0,0,1,1
868,32,23.0,Grand Est,Mobile Seul,Prélèvement,6.0,327.0,1.0,2,0,0
227,62,58.0,Île-De-France,Multi-Play,Prélèvement,5.4,86.0,23.0,2,0,0
269,81,62.0,Bretagne,Internet Seul,Prélèvement,3.7,255.0,28.0,0,0,0
883,18,70.0,Occitanie,Internet Seul,Prélèvement,13.1,284.0,45.0,2,0,0
104,15,79.0,Bretagne,Mobile Seul,Carte Bancaire,16.7,138.0,28.0,2,0,0
775,53,52.0,Bretagne,Mobile Seul,Prélèvement,12.8,262.0,3.0,1,1,0
593,109,50.0,Occitanie,Internet Seul,Prélèvement,3.2,171.0,8.0,3,0,0
228,97,29.0,Nouvelle-Aquitaine,Mobile Seul,Virement,10.6,164.0,5.0,1,0,0
854,77,26.0,Paca,Multi-Play,Carte Bancaire,6.8,261.0,1.0,0,1,0
302,11,61.0,Auvergne-Rhône-Alpes,Mobile Seul,Prélèvement,1.5,68.0,0.0,1,0,0
276,87,20.0,Bretagne,Mobile Seul,Prélèvement,7.5,115.0,5.0,0,1,0
127,71,47.0,Auvergne-Rhône-Alpes,Internet Seul,Prélèvement,6.1,131.0,20.0,0,0,0
406,76,54.0,Bretagne,Mobile Seul,Prélèvement,12.3,82.0,18.0,1,0,0
810,66,64.0,Auvergne-Rhône-Alpes,Multi-Play,Prélèvement,4.2,169.0,16.0,2,0,0
37,49,78.0,Paca,Mobile Seul,Prélèvement,5.4,170.0,19.0,1,0,0
140,35,28.0,Auvergne-Rhône-Alpes,Mobile Seul,Prélèvement,16.5,274.0,7.0,5,0,1
304,16,34.0,Hauts-De-France,Mobile Seul,Carte Bancaire,2.4,231.0,24.0,1,0,0
268,56,19.0,Île-De-France,Multi-Play,Prélèvement,18.7,228.0,42.0,2,0,0
534,52,79.0,Île-De-France,Mobile Seul,Prélèvement,1.9,251.0,3.0,2,0,0
546,108,48.0,Paca,Multi-Play,Prélèvement,20.449999999999996,235.0,9.0,2,0,0
213,117,75.0,Grand Est,Mobile Seul,Carte Bancaire,7.2,125.0,7.0,2,0,0
469,54,54.0,Occitanie,Internet Seul,Virement,4.4,237.0,2.0,3,0,0
199,29,25.0,Grand Est,Mobile Seul,Prélèvement,5.6,18.0,19.0,3,0,0
528,62,50.0,Paca,Mobile Seul,Carte Bancaire,7.0,125.0,18.0,0,1,0
720,99,31.0,Auvergne-Rhône-Alpes,Multi-Play,Carte Bancaire,3.4,126.0,15.0,1,0,0
242,37,39.0,Paca,Multi-Play,Prélèvement,17.6,68.0,18.0,1,0,0
343,112,23.0,Île-De-France,Mobile Seul,Prélèvement,2.3,240.0,4.0,1,0,0
550,68,41.0,Nouvelle-Aquitaine,Multi-Play,Carte Bancaire,19.1,64.0,54.0,3,0,0
387,35,68.0,Grand Est,Multi-Play,Prélèvement,2.1,179.0,2.0,5,0,0
207,28,20.0,Île-De-France,Mobile Seul,Prélèvement,10.6,93.0,7.0,0,1,0
296,24,74.0,Bretagne,Mobile Seul,Carte Bancaire,6.0,254.0,5.0,1,0,0
834,39,41.0,Paca,Multi-Play,Prélèvement,5.6,201.0,13.0,0,0,0
74,60,2.0,Hauts-De-France,Multi-Play,Carte Bancaire,19.1,195.0,14.0,0,0,0
675,33,50.0,Bretagne,Internet Seul,Carte Bancaire,19.5,157.0,7.0,1,0,0
105,72,18.0,Hauts-De-France,Internet Seul,Prélèvement,1.5,290.0,5.0,3,0,0
642,95,48.0,Paca,Mobile Seul,Prélèvement,4.3,71.0,12.0,0,0,0
872,21,53.0,Bretagne,Mobile Seul,Carte Bancaire,7.4,227.0,35.0,2,0,0
17,104,67.0,Nouvelle-Aquitaine,Mobile Seul,Carte Bancaire,15.0,220.0,4.0,3,1,0
440,92,66.0,Bretagne,Mobile Seul,Carte Bancaire,3.5,6.0,23.0,1,0,0
92,93,27.0,Bretagne,Mobile Seul,Carte Bancaire,20.449999999999996,211.0,21.0,0,1,0
89,106,70.0,Nouvelle-Aquitaine,Mobile Seul,Prélèvement,6.85,104.0,82.0,1,1,0
451,113,51.0,Bretagne,Mobile Seul,Virement,7.9,92.0,5.0,0,1,0
103,48,21.0,Île-De-France,Internet Seul,Prélèvement,20.449999999999996,137.0,20.0,2,0,0
239,27,74.0,Grand Est,Multi-Play,Carte Bancaire,1.9,405.75,12.0,3,1,1
654,80,55.0,Paca,Multi-Play,Carte Bancaire,15.4,93.0,10.0,0,1,0
247,24,65.0,Île-De-France,Mobile Seul,Prélèvement,6.85,138.0,16.0,1,1,0
646,96,48.0,Île-De-France,Internet Seul,Virement,6.2,58.0,10.0,2,0,0
158,37,50.0,Nouvelle-Aquitaine,Internet Seul,Carte Bancaire,13.1,136.0,16.0,1,1,0
480,66,42.0,Auvergne-Rhône-Alpes,Multi-Play,Virement,5.1,171.0,36.0,0,0,0
767,117,54.0,Nouvelle-Aquitaine,Mobile Seul,Prélèvement,1.0,92.0,8.0,0,0,0
747,86,40.0,Hauts-De-France,Multi-Play,Carte Bancaire,11.7,0.0,27.0,1,0,0
19,3,48.0,Hauts-De-France,Internet Seul,Prélèvement,17.8,76.0,6.0,0,0,0
713,10,46.0,Bretagne,Mobile Seul,Prélèvement,3.7,14.0,29.0,0,1,0
122,29,29.0,Auvergne-Rhône-Alpes,Internet Seul,Prélèvement,9.2,377.0,52.0,2,0,0
651,4,42.0,Bretagne,Multi-Play,Carte Bancaire,6.0,174.0,20.0,0,0,0
275,54,48.0,Hauts-De-France,Mobile Seul,Prélèvement,5.4,219.0,23.0,2,1,0
434,4,41.0,Paca,Mobile Seul,Carte Bancaire,6.3,205.0,7.0,5,0,1
814,38,59.0,Paca,Internet Seul,Virement,7.4,59.0,16.0,2,0,0
312,20,62.0,Grand Est,Internet Seul,Virement,5.4,135.0,17.0,2,0,0
761,78,76.0,Grand Est,Multi-Play,Prélèvement,9.3,0.0,9.0,2,1,0
757,76,72.0,Nouvelle-Aquitaine,Internet Seul,Prélèvement,9.4,79.0,47.0,1,2,1
547,108,64.0,Nouvelle-Aquitaine,Mobile Seul,Prélèvement,3.8,225.0,14.0,0,0,0
182,42,19.0,Grand Est,Mobile Seul,Prélèvement,11.7,97.0,10.0,2,1,1
185,63,60.0,Occitanie,Mobile Seul,Prélèvement,7.4,341.0,29.0,2,1,0
407,59,79.0,Hauts-De-France,Internet Seul,Prélèvement,1.5,238.0,33.0,0,1,0
607,26,59.0,Grand Est,Multi-Play,Prélèvement,20.449999999999996,143.0,5.0,1,0,0
521,87,47.0,Nouvelle-Aquitaine,Mobile Seul,Carte Bancaire,7.5,196.0,1.0,1,0,0
381,93,74.0,Hauts-De-France,Internet Seul,Virement,9.9,218.0,23.0,0,0,0
411,22,48.0,Île-De-France,Mobile Seul,Prélèvement,7.1,165.0,28.0,1,0,0
635,23,68.0,Île-De-France,Multi-Play,Prélèvement,13.1,51.0,32.0,2,2,1
370,113,28.0,Grand Est,Mobile Seul,Prélèvement,0.1,0.0,18.0,0,0,0
737,89,56.0,Île-De-France,Mobile Seul,Virement,6.85,154.0,7.0,0,0,0
755,105,18.0,Paca,Multi-Play,Prélèvement,6.0,15.0,28.0,0,0,0
683,95,38.0,Bretagne,Multi-Play,Prélèvement,13.5,83.0,8.0,1,1,0
79,35,45.0,Paca,Mobile Seul,Prélèvement,6.85,354.0,24.0,0,0,0
574,90,28.0,Île-De-France,Multi-Play,Prélèvement,12.1,220.0,1.0,1,0,0
638,69,38.0,Paca,Multi-Play,Prélèvement,5.9,213.0,35.0,2,0,0
608,16,66.0,Île-De-France,Mobile Seul,Carte Bancaire,2.6,20.0,27.0,2,0,0
721,112,68.0,Paca,Internet Seul,Prélèvement,20.449999999999996,160.0,29.0,2,0,0
898,75,24.0,Île-De-France,Mobile Seul,Carte Bancaire,6.85,240.0,12.0,2,0,0
753,12,46.0,Occitanie,Mobile Seul,Prélèvement,5.0,141.0,20.0,1,0,1
837,90,48.0,Hauts-De-France,Multi-Play,Carte Bancaire,6.8,281.0,8.0,2,0,0
417,51,27.0,Grand Est,Multi-Play,Prélèvement,6.8,80.0,7.0,2,0,0
672,12,23.0,Occitanie,Mobile Seul,Prélèvement,7.6,142.0,1.0,1,0,0
562,13,19.0,Île-De-France,Multi-Play,Prélèvement,1.7,168.0,7.0,1,0,0
68,90,66.0,Auvergne-Rhône-Alpes,Mobile Seul,Prélèvement,17.9,159.0,20.0,2,1,0
537,15,19.0,Grand Est,Mobile Seul,Carte Bancaire,4.6,93.0,31.0,1,0,0
78,47,23.0,Paca,Mobile Seul,Prélèvement,12.5,193.0,1.0,1,2,0
106,78,66.0,Paca,Mobile Seul,Prélèvement,5.2,184.0,15.0,2,0,0
364,54,41.0,Hauts-De-France,Multi-Play,Virement,3.3,272.0,0.0,3,1,0
707,29,79.0,Occitanie,Internet Seul,Prélèvement,5.5,354.0,2.0,0,0,0
639,100,64.0,Île-De-France,Internet Seul,Virement,10.7,138.0,7.0,1,0,0
560,52,29.0,Grand Est,Multi-Play,Prélèvement,15.2,130.0,21.0,0,0,1
789,87,31.0,Paca,Multi-Play,Prélèvement,16.8,114.0,42.0,0,1,0
849,61,57.0,Bretagne,Mobile Seul,Carte Bancaire,3.7,159.0,34.0,1,0,0
791,107,72.0,Occitanie,Mobile Seul,Carte Bancaire,3.7,89.0,49.0,2,0,0
864,6,51.0,Bretagne,Multi-Play,Prélèvement,8.4,68.0,11.0,0,2,0
491,48,50.0,Nouvelle-Aquitaine,Mobile Seul,Prélèvement,4.4,144.0,29.0,0,0,0
766,16,64.0,Auvergne-Rhône-Alpes,Mobile Seul,Prélèvement,16.3,192.0,10.0,0,2,0
606,76,25.0,Paca,Mobile Seul,Prélèvement,5.9,171.0,45.0,1,0,0
70,2,50.0,Bretagne,Multi-Play,Carte Bancaire,8.3,122.0,10.0,0,0,0
549,103,62.0,Hauts-De-France,Mobile Seul,Virement,9.7,205.0,69.0,1,0,0
161,104,77.0,Hauts-De-France,Multi-Play,Carte Bancaire,7.6,77.0,20.0,0,1,0
12,75,53.0,Nouvelle-Aquitaine,Mobile Seul,Prélèvement,4.1,218.0,2.0,3,0,0
145,41,51.0,Bretagne,Mobile Seul,Prélèvement,4.6,115.0,0.0,2,0,0
518,98,46.0,Bretagne,Mobile Seul,Prélèvement,16.4,95.0,21.0,1,0,0
428,64,54.0,Hauts-De-France,Mobile Seul,Prélèvement,2.8,107.0,18.0,0,0,0
640,34,26.0,Grand Est,Multi-Play,Carte Bancaire,3.4,159.0,13.0,0,2,0
177,27,41.0,Paca,Internet Seul,Carte Bancaire,6.5,165.0,9.0,1,1,1
441,30,22.0,Auvergne-Rhône-Alpes,Mobile Seul,Carte Bancaire,6.4,194.0,18.0,1,0,0
522,63,56.0,Hauts-De-France,Mobile Seul,Prélèvement,4.9,44.0,12.0,0,1,0
792,75,65.0,Grand Est,Mobile Seul,Carte Bancaire,9.9,0.0,7.0,2,0,0
853,3,56.0,Bretagne,Mobile Seul,Prélèvement,11.6,188.0,2.0,1,0,0
689,87,66.0,Grand Est,Mobile Seul,Carte Bancaire,4.0,306.0,127.0,0,1,0
232,116,66.0,Paca,Mobile Seul,Prélèvement,4.7,44.0,14.0,1,0,0
211,62,67.0,Occitanie,Internet Seul,Virement,7.9,110.0,29.0,1,0,0
641,52,70.0,Nouvelle-Aquitaine,Mobile Seul,Prélèvement,4.7,273.0,6.0,1,0,0
144,103,77.0,Auvergne-Rhône-Alpes,Multi-Play,Carte Bancaire,2.1,180.0,16.0,2,1,0
520,32,48.0,Bretagne,Mobile Seul,Prélèvement,11.3,149.0,3.0,4,0,0
196,109,28.0,Hauts-De-France,Internet Seul,Prélèvement,13.3,104.0,30.0,3,0,0
299,98,39.0,Île-De-France,Internet Seul,Prélèvement,3.6,238.0,12.0,1,1,0
429,97,26.0,Occitanie,Internet Seul,Carte Bancaire,17.0,162.0,25.0,0,2,0
613,29,71.0,Hauts-De-France,Multi-Play,Carte Bancaire,3.9,0.0,2.0,2,1,0
841,45,40.0,Île-De-France,Multi-Play,Prélèvement,13.8,158.0,20.0,1,0,0
9,103,25.0,Auvergne-Rhône-Alpes,Mobile Seul,Prélèvement,3.7,94.0,3.0,2,0,0
157,88,55.0,Grand Est,Multi-Play,Carte Bancaire,2.7,203.0,28.0,0,0,0
540,60,76.0,Hauts-De-France,Multi-Play,Prélèvement,20.449999999999996,78.0,2.0,0,0,0
507,20,68.0,Bretagne,Multi-Play,Prélèvement,12.6,285.0,33.0,1,0,0
437,49,52.0,Île-De-France,Mobile Seul,Carte Bancaire,1.5,118.0,39.0,0,0,0
267,113,41.0,Auvergne-Rhône-Alpes,Internet Seul,Prélèvement,6.2,274.0,6.0,3,0,0
462,87,58.0,Hauts-De-France,Mobile Seul,Prélèvement,6.0,102.0,7.0,2,1,0
577,117,57.0,Grand Est,Internet Seul,Prélèvement,1.5,293.0,39.0,3,0,0
339,99,50.0,Auvergne-Rhône-Alpes,Mobile Seul,Prélèvement,6.1,230.0,15.0,2,0,0
256,113,48.0,Nouvelle-Aquitaine,Mobile Seul,Prélèvement,5.4,253.0,31.0,3,0,0
900,74,62.0,Hauts-De-France,Mobile Seul,Prélèvement,6.9,131.0,6.0,1,0,0
772,52,64.0,Bretagne,Multi-Play,Prélèvement,7.1,272.0,13.0,2,2,0
666,33,68.0,Île-De-France,Internet Seul,Prélèvement,12.5,190.0,17.0,1,0,0
561,16,62.0,Île-De-France,Multi-Play,Carte Bancaire,7.0,214.0,38.0,0,0,0
209,42,46.0,Paca,Multi-Play,Prélèvement,18.1,180.0,21.0,0,2,0
288,32,68.0,Île-De-France,Mobile Seul,Prélèvement,14.0,107.0,1.0,0,0,0
2,52,48.0,Auvergne-Rhône-Alpes,Internet Seul,Prélèvement,7.9,207.0,7.0,3,0,0
342,90,38.0,Grand Est,Mobile Seul,Prélèvement,9.0,123.0,66.0,1,1,0
270,59,43.0,Occitanie,Multi-Play,Prélèvement,11.4,274.0,0.0,5,0,0
266,101,31.0,Hauts-De-France,Internet Seul,Prélèvement,6.2,228.0,1.0,1,1,0
740,30,27.0,Auvergne-Rhône-Alpes,Multi-Play,Virement,1.7,291.0,7.0,1,0,0
819,65,29.0,Auvergne-Rhône-Alpes,Mobile Seul,Virement,4.8,122.0,29.0,2,0,0
96,44,31.0,Paca,Internet Seul,Prélèvement,2.6,186.0,9.0,5,1,0
878,36,42.0,Paca,Mobile Seul,Carte Bancaire,7.8,96.0,65.0,3,1,0
43,80,42.0,Bretagne,Mobile Seul,Carte Bancaire,1.9,226.0,1.0,1,0,0
730,96,55.0,Nouvelle-Aquitaine,Mobile Seul,Carte Bancaire,7.4,120.0,17.0,0,0,0
7,61,45.0,Paca,Internet Seul,Carte Bancaire,18.8,252.0,6.0,3,0,0
756,19,74.0,Auvergne-Rhône-Alpes,Mobile Seul,Virement,4.7,58.0,6.0,3,0,0
629,85,71.0,Bretagne,Mobile Seul,Prélèvement,10.9,214.0,14.0,0,0,0
46,62,73.0,Nouvelle-Aquitaine,Mobile Seul,Prélèvement,6.85,100.0,23.0,1,0,0
162,86,47.0,Auvergne-Rhône-Alpes,Multi-Play,Prélèvement,2.6,183.0,74.0,2,0,0
728,23,2.0,Auvergne-Rhône-Alpes,Mobile Seul,Carte Bancaire,9.3,251.0,21.0,2,0,0
630,39,40.0,Bretagne,Mobile Seul,Prélèvement,6.8,184.0,0.0,0,0,0
289,119,32.0,Auvergne-Rhône-Alpes,Multi-Play,Prélèvement,3.6,159.0,0.0,1,0,0
590,48,79.0,Occitanie,Mobile Seul,Prélèvement,6.85,86.0,9.0,3,0,0
812,29,37.0,Nouvelle-Aquitaine,Internet Seul,Carte Bancaire,11.8,64.0,6.0,2,0,0
863,117,62.0,Hauts-De-France,Mobile Seul,Prélèvement,8.8,219.0,22.0,2,0,0
576,90,27.0,Hauts-De-France,Mobile Seul,Prélèvement,11.8,198.0,9.0,1,0,1
316,90,64.0,Paca,Mobile Seul,Carte Bancaire,7.8,240.0,39.0,0,2,0
231,62,51.0,Grand Est,Internet Seul,Prélèvement,3.6,270.0,2.0,2,0,0
699,105,49.0,Bretagne,Internet Seul,Prélèvement,5.8,362.0,2.0,5,0,0
750,19,49.0,Bretagne,Mobile Seul,Carte Bancaire,6.85,164.0,14.0,2,0,1
712,36,62.0,Nouvelle-Aquitaine,Multi-Play,Virement,10.7,53.0,2.0,2,1,0
77,8,72.0,Nouvelle-Aquitaine,Multi-Play,Prélèvement,1.5,233.0,6.0,3,0,0
634,101,72.0,Hauts-De-France,Mobile Seul,Prélèvement,9.9,225.0,31.0,3,1,0
882,57,40.0,Auvergne-Rhône-Alpes,Mobile Seul,Prélèvement,1.2,80.0,18.0,1,0,0
248,79,78.0,Grand Est,Mobile Seul,Prélèvement,7.1,55.0,9.0,0,1,0
477,47,42.0,Paca,Mobile Seul,Carte Bancaire,0.9,136.0,22.0,1,1,0
671,101,69.0,Hauts-De-France,Multi-Play,Virement,8.2,0.0,7.0,1,3,0
86,2,70.0,Nouvelle-Aquitaine,Internet Seul,Prélèvement,13.1,153.0,15.0,2,0,0
470,58,22.0,Nouvelle-Aquitaine,Mobile Seul,Carte Bancaire,3.2,112.0,15.0,0,2,0
226,103,22.0,Paca,Mobile Seul,Virement,19.4,159.0,10.0,1,0,0
332,57,76.0,Occitanie,Multi-Play,Carte Bancaire,5.6,272.0,27.0,1,0,0
234,105,43.0,Occitanie,Multi-Play,Prélèvement,6.8,48.0,26.0,0,0,0
589,118,57.0,Grand Est,Mobile Seul,Carte Bancaire,2.6,101.0,10.0,1,3,0
476,32,21.0,Auvergne-Rhône-Alpes,Mobile Seul,Prélèvement,8.2,195.0,13.0,1,0,0
811,5,22.0,Nouvelle-Aquitaine,Internet Seul,Carte Bancaire,1.6,80.0,69.0,0,0,0
793,18,35.0,Auvergne-Rhône-Alpes,Mobile Seul,Prélèvement,6.85,103.0,13.0,1,1,0
600,63,53.0,Île-De-France,Multi-Play,Prélèvement,4.1,136.0,19.0,1,0,0
422,98,19.0,Bretagne,Multi-Play,Prélèvement,6.3,164.0,9.0,0,1,0
688,35,58.0,Île-De-France,Mobile Seul,Virement,7.5,44.0,8.0,1,1,0
183,77,30.0,Hauts-De-France,Internet Seul,Prélèvement,15.3,343.0,48.0,2,0,0
618,113,58.0,Nouvelle-Aquitaine,Mobile Seul,Carte Bancaire,9.4,214.0,33.0,3,0,0
333,89,73.0,Hauts-De-France,Mobile Seul,Prélèvement,6.85,238.0,43.0,0,0,0
439,44,48.0,Grand Est,Internet Seul,Carte Bancaire,2.8,165.0,10.0,0,1,0
50,108,62.0,Paca,Multi-Play,Prélèvement,17.4,182.0,59.0,1,0,0
6,72,41.0,Auvergne-Rhône-Alpes,Multi-Play,Prélèvement,6.8,12.0,32.0,0,0,0
530,58,54.0,Paca,Mobile Seul,Virement,9.5,97.0,0.0,0,0,0
235,3,62.0,Auvergne-Rhône-Alpes,Mobile Seul,Prélèvement,4.5,285.0,4.0,0,0,0
487,33,49.0,Bretagne,Mobile Seul,Prélèvement,4.0,203.0,13.0,0,0,0
821,116,22.0,Hauts-De-France,Mobile Seul,Prélèvement,7.4,36.0,44.0,1,0,0
498,50,64.0,Nouvelle-Aquitaine,Internet Seul,Carte Bancaire,3.4,0.0,1.0,1,1,0
817,112,40.0,Nouvelle-Aquitaine,Mobile Seul,Prélèvement,1.5,283.0,16.0,1,0,0
107,87,57.0,Grand Est,Internet Seul,Prélèvement,6.7,200.0,27.0,1,1,0
444,117,61.0,Grand Est,Multi-Play,Prélèvement,19.8,329.0,27.0,0,1,0
489,43,78.0,Occitanie,Multi-Play,Prélèvement,1.4,0.0,39.0,1,2,0
647,1,43.0,Occitanie,Mobile Seul,Prélèvement,7.4,266.0,12.0,0,1,0
13,75,43.0,Île-De-France,Mobile Seul,Virement,14.3,131.0,26.0,1,1,0
739,105,48.0,Nouvelle-Aquitaine,Mobile Seul,Prélèvement,16.4,125.0,5.0,1,0,0
727,24,66.0,Occitanie,Multi-Play,Prélèvement,12.7,177.0,30.0,1,0,1
191,4,74.0,Auvergne-Rhône-Alpes,Internet Seul,Carte Bancaire,3.9,176.0,15.0,3,0,0
859,25,21.0,Occitanie,Mobile Seul,Prélèvement,12.8,116.0,3.0,1,1,1
283,53,62.0,Nouvelle-Aquitaine,Mobile Seul,Prélèvement,4.3,164.0,25.0,0,1,0
30,21,30.0,Nouvelle-Aquitaine,Mobile Seul,Carte Bancaire,11.1,150.0,21.0,0,0,0
170,3,27.0,Occitanie,Multi-Play,Prélèvement,6.8,167.0,41.0,1,0,0
181,90,70.0,Île-De-France,Mobile Seul,Virement,6.85,0.0,13.0,1,0,0
101,14,62.0,Bretagne,Mobile Seul,Prélèvement,11.7,130.0,2.0,0,0,1
198,43,33.0,Grand Est,Mobile Seul,Carte Bancaire,7.3,122.0,2.0,1,1,0
496,26,34.0,Bretagne,Mobile Seul,Prélèvement,5.4,133.0,9.0,1,1,0
722,36,48.0,Auvergne-Rhône-Alpes,Mobile Seul,Prélèvement,9.9,146.0,0.0,0,0,1
648,120,58.0,Île-De-France,Multi-Play,Prélèvement,6.8,97.0,0.0,0,0,0
887,14,44.0,Hauts-De-France,Internet Seul,Carte Bancaire,4.9,336.0,32.0,1,0,0
846,20,34.0,Bretagne,Internet Seul,Carte Bancaire,2.9,314.0,52.0,0,0,0
711,21,66.0,Bretagne,Multi-Play,Prélèvement,3.9,105.0,18.0,1,0,0
374,104,71.0,Auvergne-Rhône-Alpes,Multi-Play,Carte Bancaire,6.8,188.0,57.0,0,0,0
679,44,39.0,Nouvelle-Aquitaine,Mobile Seul,Prélèvement,4.2,317.0,28.0,2,1,0
807,9,35.0,Occitanie,Multi-Play,Prélèvement,7.9,291.0,16.0,1,0,1
649,69,52.0,Paca,Mobile Seul,Prélèvement,7.2,200.0,7.0,1,0,0
798,58,48.0,Occitanie,Multi-Play,Carte Bancaire,2.5,71.0,47.0,0,2,0
461,32,28.0,Hauts-De-France,Multi-Play,Prélèvement,6.7,235.0,8.0,3,0,0
414,38,23.0,Bretagne,Multi-Play,Prélèvement,1.8,129.0,15.0,1,1,0
132,8,65.0,Paca,Multi-Play,Prélèvement,5.2,126.0,78.0,1,1,0
40,42,68.0,Île-De-France,Mobile Seul,Prélèvement,20.449999999999996,65.0,1.0,2,1,0
435,35,55.0,Nouvelle-Aquitaine,Mobile Seul,Carte Bancaire,0.8,405.75,14.0,1,1,0
216,28,38.0,Bretagne,Multi-Play,Prélèvement,7.6,280.0,27.0,1,0,0
556,47,22.0,Bretagne,Internet Seul,Virement,2.1,212.0,11.0,0,1,0
567,17,53.0,Occitanie,Multi-Play,Prélèvement,5.2,210.0,22.0,2,0,0
763,52,25.0,Nouvelle-Aquitaine,Mobile Seul,Carte Bancaire,13.7,142.0,65.0,2,0,1
475,114,79.0,Île-De-France,Internet Seul,Carte Bancaire,5.4,176.0,37.0,0,0,0
457,97,39.0,Occitanie,Internet Seul,Carte Bancaire,8.0,0.0,6.0,2,0,0
261,12,39.0,Bretagne,Internet Seul,Carte Bancaire,3.6,170.0,36.0,1,0,0
36,89,52.0,Paca,Multi-Play,Prélèvement,13.9,214.0,7.0,1,0,0
310,93,20.0,Paca,Mobile Seul,Virement,0.6,224.0,27.0,2,0,0
277,101,64.0,Paca,Mobile Seul,Carte Bancaire,2.2,279.0,32.0,3,1,1
637,118,32.0,Occitanie,Mobile Seul,Prélèvement,11.0,246.0,12.0,1,1,0
655,119,19.0,Occitanie,Internet Seul,Prélèvement,5.0,84.0,6.0,0,0,0
623,69,63.0,Hauts-De-France,Internet Seul,Virement,5.9,372.0,50.0,1,2,0
394,33,21.0,Île-De-France,Multi-Play,Carte Bancaire,5.2,209.0,63.0,0,1,1
855,92,71.0,Île-De-France,Mobile Seul,Prélèvement,12.8,57.0,12.0,0,0,1
108,62,49.0,Paca,Multi-Play,Prélèvement,11.1,139.0,20.0,2,1,0
525,25,46.0,Grand Est,Internet Seul,Prélèvement,6.2,162.0,10.0,4,2,1
785,14,69.0,Hauts-De-France,Multi-Play,Prélèvement,5.8,276.0,13.0,2,1,0
48,62,67.0,Nouvelle-Aquitaine,Mobile Seul,Prélèvement,6.2,209.0,23.0,0,0,0
204,59,42.0,Occitanie,Multi-Play,Prélèvement,5.8,45.0,18.0,1,0,0
843,114,34.0,Paca,Multi-Play,Virement,7.0,84.0,6.0,2,0,0
632,33,18.0,Grand Est,Multi-Play,Prélèvement,17.5,201.0,2.0,1,1,0
22,2,53.0,Grand Est,Internet Seul,Carte Bancaire,4.3,190.0,19.0,2,2,0
403,17,43.0,Nouvelle-Aquitaine,Multi-Play,Prélèvement,8.8,146.0,1.0,1,0,0
84,104,55.0,Occitanie,Internet Seul,Prélèvement,5.7,152.0,11.0,0,1,0
131,108,34.0,Bretagne,Multi-Play,Carte Bancaire,5.4,217.0,15.0,3,0,0
416,109,73.0,Auvergne-Rhône-Alpes,Multi-Play,Carte Bancaire,2.3,113.0,66.0,1,1,0
742,113,36.0,Bretagne,Multi-Play,Prélèvement,5.2,146.0,18.0,0,0,0
698,115,18.0,Bretagne,Multi-Play,Prélèvement,20.0,109.0,5.0,2,0,0
287,70,52.0,Île-De-France,Multi-Play,Prélèvement,6.8,72.0,7.0,1,1,0
124,45,71.0,Bretagne,Multi-Play,Prélèvement,7.7,193.0,14.0,4,0,0
34,22,30.0,Bretagne,Mobile Seul,Carte Bancaire,8.7,186.0,19.0,3,2,1
889,31,48.0,Grand Est,Internet Seul,Carte Bancaire,3.5,214.0,7.0,3,1,1
517,92,64.0,Île-De-France,Mobile Seul,Prélèvement,0.2,182.0,40.0,0,1,0
20,22,54.0,Hauts-De-France,Multi-Play,Carte Bancaire,4.4,217.0,13.0,1,1,0
844,92,67.0,Occitanie,Mobile Seul,Carte Bancaire,3.8,262.0,80.0,0,1,0
220,30,59.0,Île-De-France,Mobile Seul,Carte Bancaire,4.5,162.0,53.0,1,0,0
482,106,57.0,Nouvelle-Aquitaine,Mobile Seul,Prélèvement,5.1,312.0,13.0,5,0,0
357,99,72.0,Auvergne-Rhône-Alpes,Internet Seul,Carte Bancaire,6.3,352.0,7.0,2,0,0
662,24,60.0,Occitanie,Multi-Play,Prélèvement,3.3,153.0,33.0,2,0,0
225,89,18.0,Île-De-France,Mobile Seul,Carte Bancaire,16.7,218.0,6.0,0,0,0
760,28,40.0,Grand Est,Multi-Play,Prélèvement,9.6,101.0,33.0,1,0,0
93,63,36.0,Île-De-France,Internet Seul,Virement,2.3,174.0,7.0,3,0,1
152,33,44.0,Auvergne-Rhône-Alpes,Multi-Play,Prélèvement,8.7,220.0,4.0,0,1,0
895,16,62.0,Paca,Multi-Play,Prélèvement,1.5,30.0,13.0,3,1,1
318,19,51.0,Grand Est,Mobile Seul,Virement,11.9,81.0,0.0,1,0,1
449,24,28.0,Nouvelle-Aquitaine,Mobile Seul,Carte Bancaire,11.3,78.0,41.0,1,1,1
804,13,53.0,Nouvelle-Aquitaine,Mobile Seul,Prélèvement,6.85,71.0,2.0,0,1,1
746,89,48.0,Grand Est,Multi-Play,Prélèvement,2.8,127.0,7.0,2,1,0
523,86,44.0,Nouvelle-Aquitaine,Mobile Seul,Prélèvement,13.0,216.0,1.0,0,1,0
280,1,60.0,Hauts-De-France,Multi-Play,Carte Bancaire,12.0,336.0,7.0,0,0,1
584,58,63.0,Nouvelle-Aquitaine,Multi-Play,Prélèvement,8.9,105.0,12.0,4,1,0
765,111,74.0,Occitanie,Multi-Play,Prélèvement,19.0,266.0,12.0,3,0,0
605,67,54.0,Île-De-France,Mobile Seul,Prélèvement,4.8,131.0,2.0,5,0,0
350,12,79.0,Bretagne,Multi-Play,Prélèvement,2.1,295.0,1.0,1,0,0
375,84,66.0,Nouvelle-Aquitaine,Mobile Seul,Carte Bancaire,20.449999999999996,123.0,40.0,2,0,0
401,7,64.0,Occitanie,Multi-Play,Prélèvement,11.1,137.0,33.0,1,1,1
705,109,73.0,Grand Est,Multi-Play,Prélèvement,5.1,53.0,0.0,1,1,0
258,113,32.0,Paca,Multi-Play,Prélèvement,7.9,218.0,21.0,2,1,1
852,1,42.0,Auvergne-Rhône-Alpes,Multi-Play,Prélèvement,9.1,144.0,27.0,2,0,0
73,111,52.0,Auvergne-Rhône-Alpes,Mobile Seul,Prélèvement,0.7,233.0,6.0,5,1,0
484,90,56.0,Auvergne-Rhône-Alpes,Multi-Play,Prélèvement,6.8,185.0,2.0,1,1,0
856,62,39.0,Nouvelle-Aquitaine,Multi-Play,Prélèvement,4.6,245.0,12.0,0,1,0
138,8,31.0,Grand Est,Mobile Seul,Prélèvement,8.4,233.0,8.0,1,0,1
495,119,42.0,Occitanie,Multi-Play,Prélèvement,6.8,242.0,32.0,1,0,0
773,85,48.0,Bretagne,Mobile Seul,Prélèvement,2.8,56.0,13.0,1,0,0
551,6,69.0,Nouvelle-Aquitaine,Multi-Play,Virement,1.1,214.0,41.0,0,0,0
463,33,54.0,Paca,Internet Seul,Prélèvement,13.8,70.0,13.0,1,0,0
202,32,21.0,Bretagne,Mobile Seul,Virement,4.8,165.0,15.0,0,0,0
313,59,35.0,Nouvelle-Aquitaine,Multi-Play,Carte Bancaire,1.4,268.0,31.0,2,1,0
291,55,72.0,Grand Est,Multi-Play,Prélèvement,6.8,405.75,10.0,2,0,0
190,96,64.0,Auvergne-Rhône-Alpes,Multi-Play,Prélèvement,4.0,337.0,5.0,1,0,0
764,83,71.0,Nouvelle-Aquitaine,Mobile Seul,Carte Bancaire,5.0,140.0,21.0,1,1,0
113,82,56.0,Occitanie,Multi-Play,Prélèvement,7.2,199.0,26.0,1,0,0
184,51,79.0,Auvergne-Rhône-Alpes,Multi-Play,Carte Bancaire,3.1,18.0,1.0,2,0,0
153,48,68.0,Bretagne,Internet Seul,Virement,2.5,43.0,34.0,2,1,1
825,45,26.0,Auvergne-Rhône-Alpes,Mobile Seul,Prélèvement,1.5,250.0,4.0,1,0,0
326,39,58.0,Auvergne-Rhône-Alpes,Mobile Seul,Prélèvement,6.1,32.0,12.0,1,0,0
704,114,76.0,Grand Est,Mobile Seul,Carte Bancaire,7.1,179.0,8.0,1,0,0
45,62,27.0,Nouvelle-Aquitaine,Multi-Play,Carte Bancaire,8.7,203.0,5.0,1,1,0
445,6,67.0,Hauts-De-France,Internet Seul,Virement,14.0,200.0,97.0,1,0,1
788,35,38.0,Occitanie,Multi-Play,Virement,20.449999999999996,197.0,20.0,3,1,0
251,32,53.0,Nouvelle-Aquitaine,Mobile Seul,Carte Bancaire,8.5,184.0,32.0,1,0,0
824,89,47.0,Nouvelle-Aquitaine,Multi-Play,Prélèvement,15.5,281.0,24.0,2,1,0
76,44,65.0,Occitanie,Mobile Seul,Prélèvement,7.5,344.0,4.0,0,0,0
513,76,25.0,Occitanie,Multi-Play,Carte Bancaire,10.1,130.0,21.0,1,0,0
392,33,43.0,Nouvelle-Aquitaine,Mobile Seul,Prélèvement,2.1,114.0,31.0,1,0,0
896,87,74.0,Occitanie,Mobile Seul,Virement,9.8,115.0,10.0,0,1,0
433,19,32.0,Hauts-De-France,Mobile Seul,Prélèvement,6.85,228.0,36.0,4,1,1
69,53,30.0,Île-De-France,Mobile Seul,Prélèvement,13.6,49.0,9.0,1,0,0
168,47,46.0,Bretagne,Mobile Seul,Prélèvement,6.85,107.0,22.0,3,0,1
731,37,68.0,Auvergne-Rhône-Alpes,Mobile Seul,Virement,10.9,244.0,1.0,0,2,1
555,94,25.0,Paca,Internet Seul,Prélèvement,11.3,182.0,38.0,0,0,0
367,24,19.0,Auvergne-Rhône-Alpes,Multi-Play,Virement,9.4,92.0,3.0,3,0,1
346,113,65.0,Nouvelle-Aquitaine,Multi-Play,Prélèvement,5.6,155.0,13.0,1,2,0
585,1,60.0,Hauts-De-France,Multi-Play,Prélèvement,10.3,186.0,24.0,3,2,1
536,70,39.0,Occitanie,Internet Seul,Prélèvement,17.3,204.0,73.0,1,1,0
399,120,66.0,Hauts-De-France,Mobile Seul,Carte Bancaire,8.9,242.0,1.0,0,1,0
186,96,60.0,Paca,Mobile Seul,Prélèvement,1.2,193.0,46.0,1,1,0
349,48,28.0,Occitanie,Mobile Seul,Carte Bancaire,15.1,178.0,18.0,1,1,0
616,69,31.0,Grand Est,Multi-Play,Carte Bancaire,16.6,0.0,0.0,1,0,0
212,57,78.0,Île-De-France,Mobile Seul,Prélèvement,9.5,259.0,72.0,1,0,0
580,9,25.0,Paca,Multi-Play,Carte Bancaire,4.8,231.0,24.0,1,2,0
503,7,57.0,Grand Est,Multi-Play,Virement,7.3,61.0,28.0,1,1,1
538,54,48.0,Nouvelle-Aquitaine,Multi-Play,Prélèvement,12.5,209.0,6.0,1,0,0
197,15,71.0,Auvergne-Rhône-Alpes,Internet Seul,Prélèvement,20.449999999999996,173.0,4.0,2,0,0
176,103,37.0,Hauts-De-France,Mobile Seul,Prélèvement,4.8,133.0,6.0,1,0,0
